Customer_ID,Customer_Name,Last_Purchase,Frequency,Monetary,Profit,Recency,R_Score,F_Score,M_Score,RFM_Score,Customer_Segment,AOV
SM-20320,Sean Miller,2017-10-12,5,25043.05,-1980.7393,80,3,2,5,10,Potential Loyalists,5008.61
TC-20980,Tamara Chand,2016-11-26,5,19052.218,8981.323900000001,400,1,2,5,8,At Risk - High Value,3810.4436
RB-19360,Raymond Buch,2017-09-25,6,15117.339,6976.0959,97,3,3,5,11,Potential Loyalists,2519.5565
TA-21385,Tom Ashbrook,2017-10-22,4,14595.62,4703.7883,70,3,2,5,10,Potential Loyalists,3648.905
AB-10105,Adrian Barton,2017-11-19,10,14473.570999999998,5444.8055,42,4,5,5,14,Champions,1447.3570999999997
KL-16645,Ken Lonsdale,2017-11-13,12,14175.229000000001,806.855,48,4,5,5,14,Champions,1181.2690833333334
SC-20095,Sanjit Chand,2017-01-15,9,14142.333999999999,5757.411899999999,350,1,5,5,11,Loyal Customers,1571.3704444444443
HL-15040,Hunter Lopez,2017-11-17,6,12873.297999999999,5622.4292000000005,44,4,3,5,12,Recent Customers,2145.5496666666663
SE-20110,Sanjit Engle,2017-12-21,11,12209.438000000002,2650.6769,10,5,5,5,15,Champions,1109.9489090909092
CC-12370,Christopher Conant,2017-11-17,5,12129.072000000002,2177.0493,44,4,2,5,11,Recent Customers,2425.8144
TS-21370,Todd Sumrall,2017-11-24,6,11891.751,2371.7144000000003,37,4,3,5,12,Recent Customers,1981.9585
GT-14710,Greg Tran,2017-11-24,11,11820.119999999999,2163.4269,37,4,5,5,14,Champions,1074.5563636363636
BM-11140,Becky Martin,2017-02-26,4,11789.63,-1659.9580999999998,308,1,1,5,7,At Risk - High Value,2947.4075
SV-20365,Seth Vernon,2017-09-20,10,11470.949999999999,1199.4242,102,3,5,5,13,Loyal Customers,1147.0949999999998
CJ-12010,Caroline Jumper,2017-06-24,8,11164.974,858.7414,190,2,4,5,11,Loyal Customers,1395.62175
CL-12565,Clay Ludtke,2017-03-21,12,10880.546,1933.7830999999999,285,1,5,5,11,Loyal Customers,906.7121666666667
ME-17320,Maria Etezadi,2017-11-18,10,10663.728000000001,1859.4695,43,4,5,5,14,Champions,1066.3728
KF-16285,Karen Ferguson,2017-09-24,7,10604.266,1660.1386,98,3,4,5,12,Loyal Customers,1514.895142857143
BS-11365,Bill Shonely,2016-06-20,5,10501.653,2616.0643999999998,559,1,2,5,8,At Risk - High Value,2100.3306000000002
EH-13765,Edward Hooks,2017-08-17,12,10310.880000000001,1393.5154,136,2,5,5,12,Loyal Customers,859.2400000000001
JL-15835,John Lee,2017-12-09,11,9799.923,228.907,22,5,5,5,15,Champions,890.9020909090909
GT-14635,Grant Thornton,2017-11-04,3,9351.212,-4108.6589,57,3,1,5,9,Potential Loyalists,3117.0706666666665
HW-14935,Helen Wasserman,2017-09-04,8,9300.254,2164.1611,118,2,4,5,11,Loyal Customers,1162.53175
TB-21400,Tom Boeckenhauer,2017-06-11,7,9133.99,2798.3689,203,2,4,5,11,Loyal Customers,1304.8557142857142
PF-19120,Peter Fuller,2015-09-17,4,9062.864,-614.2943000000001,836,1,2,5,8,At Risk - High Value,2265.716
CM-12385,Christopher Martinez,2017-11-23,4,8954.019999999999,3899.8903999999998,38,4,1,5,10,Recent Customers,2238.5049999999997
JD-16150,Justin Deggeller,2017-11-19,8,8828.0305,1619.5199,42,4,4,5,13,Champions,1103.5038125
JE-15715,Joe Elijah,2017-11-14,10,8697.842999999999,1262.2926,47,4,5,5,14,Champions,869.7842999999999
LA-16780,Laura Armstrong,2017-07-29,11,8673.222,2059.1199,155,2,5,5,12,Loyal Customers,788.4747272727273
PK-19075,Pete Kriz,2017-12-21,12,8646.934,2038.2676000000001,10,5,5,5,15,Champions,720.5778333333333
DR-12940,Daniel Raglin,2017-11-10,8,8350.868,2869.0759999999996,51,4,4,5,13,Champions,1043.8585
NF-18385,Natalie Fritzler,2017-10-12,7,8322.826,-1695.9714,80,3,4,5,12,Loyal Customers,1188.9751428571428
KD-16270,Karen Daniels,2016-09-02,5,8282.358,1107.6952000000003,485,1,2,5,8,At Risk - High Value,1656.4716
NC-18535,Nick Crebassa,2017-12-24,7,8241.739,1314.758,7,5,4,5,14,Champions,1177.3912857142857
HM-14860,Harry Marie,2017-12-28,10,8236.7648,2437.9836,3,5,5,5,15,Champions,823.6764800000001
KD-16495,Keith Dawkins,2017-09-09,12,8181.256,3038.6254,113,2,5,5,12,Loyal Customers,681.7713333333334
SB-20290,Sean Braxton,2017-11-13,7,8057.891,-2082.7451,48,4,4,5,13,Champions,1151.1272857142856
ZC-21910,Zuschuss Carroll,2017-11-06,13,8025.707,-1032.1490000000001,55,3,5,5,13,Loyal Customers,617.362076923077
JH-15985,Joseph Holt,2017-12-01,6,7954.9980000000005,-644.6982,30,4,3,5,12,Recent Customers,1325.833
NP-18700,Nora Preis,2017-08-14,7,7903.1825,631.2282,139,2,4,5,11,Loyal Customers,1129.0260714285714
AH-10690,Anna Häberlin,2016-11-15,12,7888.294,1298.0166,411,1,5,5,11,Loyal Customers,657.3578333333334
AB-10060,Adam Bellavance,2017-11-06,8,7755.62,2054.5885,55,3,4,5,12,Loyal Customers,969.4525
JE-15610,Jim Epp,2017-11-12,7,7754.976,1623.4019,49,4,4,5,13,Champions,1107.8537142857142
JW-15220,Jane Waco,2017-11-18,6,7721.714,2173.7093999999997,43,4,3,5,12,Recent Customers,1286.9523333333334
LC-16885,Lena Creighton,2017-12-14,12,7663.126,1288.3469,17,5,5,5,15,Champions,638.5938333333334
JM-15865,John Murray,2017-09-12,7,7625.076000000001,1574.6163999999999,110,2,4,5,11,Loyal Customers,1089.2965714285715
JD-15895,Jonathan Doherty,2016-12-01,11,7610.8640000000005,1050.2667999999999,395,1,5,5,11,Loyal Customers,691.8967272727273
PO-18850,Patrick O'Brill,2017-12-26,11,7473.8282,38.47569999999996,5,5,5,5,15,Champions,679.4389272727273
MS-17365,Maribeth Schnelling,2017-04-01,10,7443.6900000000005,844.9354999999998,274,1,5,5,11,Loyal Customers,744.369
RW-19540,Rick Wilson,2017-09-01,7,7397.401,1586.6273,121,2,4,5,11,Loyal Customers,1056.7715714285714
BM-11650,Brian Moss,2017-11-27,11,7294.185,2199.2781,34,4,5,5,14,Champions,663.1077272727273
PP-18955,Paul Prost,2017-09-24,10,7252.608,1495.0854,98,3,5,5,13,Loyal Customers,725.2608
NW-18400,Natalie Webber,2017-07-11,7,7234.014,1023.123,173,2,4,5,11,Loyal Customers,1033.4305714285715
Dp-13240,Dean percer,2017-10-07,11,7198.7609999999995,333.36479999999995,85,3,5,5,13,Loyal Customers,654.4328181818181
FH-14365,Fred Hopkins,2017-12-25,8,6987.196,2050.2826,6,5,4,5,14,Champions,873.3995
RH-19510,Rick Huthwaite,2016-09-19,6,6979.18,1289.4535,468,1,3,5,9,At Risk - High Value,1163.1966666666667
PS-19045,Penelope Sewall,2017-05-08,7,6843.634,1742.7296999999999,237,1,4,5,10,Loyal Customers,977.662
BB-11545,Brenda Bowman,2017-12-02,9,6765.728,1015.0749999999999,29,4,5,5,14,Champions,751.7475555555556
JE-15745,Joel Eaton,2017-11-09,13,6760.8150000000005,221.79670000000002,52,4,5,5,14,Champions,520.0626923076924
YS-21880,Yana Sorensen,2017-12-21,8,6720.4439999999995,1778.2923,10,5,4,5,14,Champions,840.0554999999999
AR-10540,Andy Reiter,2017-12-24,6,6608.448,2884.6208,7,5,3,5,13,Recent Customers,1101.4080000000001
DR-12880,Dan Reichenbach,2017-12-27,9,6528.034000000001,1641.8613,4,5,5,5,15,Champions,725.3371111111112
GK-14620,Grace Kelly,2017-09-09,9,6497.27,1448.5525,113,2,5,5,12,Loyal Customers,721.9188888888889
JA-15970,Joseph Airdo,2017-09-29,8,6491.026,-819.4217000000001,93,3,4,5,12,Loyal Customers,811.37825
NM-18445,Nathan Mautz,2017-07-23,7,6459.344,2751.6848999999997,161,2,4,5,11,Loyal Customers,922.7634285714286
VD-21670,Valerie Dominguez,2016-05-28,6,6442.254,1617.7874000000002,582,1,3,5,9,At Risk - High Value,1073.709
SB-20185,Sarah Brown,2017-06-25,6,6410.996,885.4623999999999,189,2,3,5,10,At Risk - High Value,1068.4993333333334
JG-15160,James Galang,2017-12-29,11,6366.392,1415.6664,2,5,5,5,15,Champions,578.762909090909
DM-13015,Darrin Martin,2017-11-03,7,6345.103,1677.3931,58,3,3,5,11,Potential Loyalists,906.4432857142857
CM-12655,Corinna Mitchell,2017-12-03,6,6339.5576,1572.4585,28,4,3,5,12,Recent Customers,1056.5929333333333
MJ-17740,Max Jones,2017-12-08,7,6320.746,1054.5529000000001,23,5,4,5,14,Champions,902.9637142857143
BH-11710,Brosina Hoffman,2017-12-07,8,6255.351,802.7898,24,5,4,5,14,Champions,781.918875
RL-19615,Rob Lucas,2017-08-31,8,6234.91,488.14840000000004,122,2,4,5,11,Loyal Customers,779.36375
WB-21850,William Brown,2017-12-10,11,6160.102,714.3311,21,5,5,5,15,Champions,560.0092727272727
VW-21775,Victoria Wilson,2017-12-02,10,6134.0380000000005,-874.6645,29,4,5,5,14,Champions,613.4038
SD-20485,Shirley Daniels,2017-06-13,9,6121.114,1985.1671999999999,201,2,5,5,12,Loyal Customers,680.1237777777777
QJ-19255,Quincy Jones,2017-12-05,9,6108.338,1203.6768,26,5,5,5,15,Champions,678.7042222222221
AD-10180,Alan Dominguez,2017-12-01,8,6106.88,1869.9294,30,4,4,5,13,Champions,763.36
CB-12025,Cassandra Brandow,2017-11-13,10,6076.139,150.2089,48,4,5,5,14,Champions,607.6139000000001
GM-14695,Greg Maxwell,2017-09-04,3,6049.966,188.7235,118,2,1,5,8,At Risk - High Value,2016.6553333333334
SC-20380,Shahid Collister,2017-11-30,9,5992.536,236.66149999999996,31,4,5,5,14,Champions,665.8373333333334
KH-16690,Kristen Hastings,2017-12-28,7,5990.799,1227.5091,3,5,4,5,14,Champions,855.8284285714286
RM-19675,Robert Marley,2017-12-24,5,5979.0960000000005,1902.5438000000001,7,5,2,5,12,Recent Customers,1195.8192000000001
KH-16510,Keith Herrera,2017-12-08,7,5952.859,656.1162,23,5,4,5,14,Champions,850.4084285714287
BF-11170,Ben Ferrer,2017-12-14,11,5907.972,1538.2127,17,5,5,5,15,Champions,537.0883636363636
CP-12340,Christine Phan,2017-07-23,8,5888.275,-1850.3029000000001,161,2,4,5,11,Loyal Customers,736.034375
BD-11320,Bill Donatelli,2017-11-27,12,5718.521,1094.5037,34,4,5,5,14,Champions,476.54341666666664
CS-12505,Cindy Stewart,2017-11-02,6,5690.054999999999,-6626.389499999999,59,3,3,5,11,Potential Loyalists,948.3424999999999
AM-10705,Anne McFarland,2017-07-21,8,5664.022,1085.7326,163,2,4,5,11,Loyal Customers,708.00275
RB-19795,Ross Baird,2017-11-28,8,5633.316000000001,-461.73319999999995,33,4,4,5,13,Champions,704.1645000000001
KM-16375,Katherine Murray,2017-11-04,8,5620.186,973.7901999999999,57,3,4,5,12,Loyal Customers,702.52325
AA-10315,Alex Avila,2017-06-29,5,5563.56,-362.8825,185,2,2,5,9,At Risk - High Value,1112.712
SM-20950,Suzanne McNair,2017-12-05,12,5563.392,581.5741999999999,26,5,5,5,15,Champions,463.616
NP-18325,Naresj Patel,2017-12-05,6,5529.62,1208.8890000000001,26,5,3,5,13,Recent Customers,921.6033333333334
AC-10450,Amy Cox,2017-12-19,7,5527.846,1366.0098,12,5,3,5,13,Recent Customers,789.6922857142856
MH-18115,Mick Hernandez,2017-12-25,9,5503.093,170.9746,6,5,5,5,15,Champions,611.4547777777777
DP-13390,Dennis Pardue,2017-01-06,9,5480.723999999999,1571.8318,359,1,5,5,11,Loyal Customers,608.9693333333332
EP-13915,Emily Phan,2017-12-18,17,5478.0608,144.9578,13,5,5,5,15,Champions,322.23887058823533
YC-21895,Yoseph Carroll,2017-12-26,5,5454.35,1305.629,5,5,3,5,13,Recent Customers,1090.8700000000001
SP-20620,Stefania Perrino,2017-11-13,9,5440.319,-270.42819999999995,48,4,5,5,14,Champions,604.4798888888889
LW-17215,Luke Weiss,2017-12-09,7,5420.514,837.2411,22,5,4,5,14,Champions,774.3591428571428
CP-12085,Cathy Prescott,2017-10-09,8,5402.254,427.0258,83,3,4,5,12,Loyal Customers,675.28175
TS-21205,Thomas Seio,2017-06-15,7,5371.09,862.8877,199,2,4,5,11,Loyal Customers,767.2985714285714
TT-21460,Tonja Turnell,2017-12-18,7,5364.808,1124.4999,13,5,4,5,14,Champions,766.4011428571429
MW-18220,Mitch Webber,2017-12-13,7,5341.900000000001,1238.422,18,5,4,5,14,Champions,763.1285714285715
TP-21415,Tom Prescott,2017-09-17,5,5329.0048,-1087.3898,105,2,3,5,10,At Risk - High Value,1065.80096
TW-21025,Tamara Willingham,2017-10-27,7,5278.826,737.3905,65,3,4,5,12,Loyal Customers,754.118
DW-13480,Dianna Wilson,2017-05-27,5,5271.628,1348.7556,218,2,2,5,9,At Risk - High Value,1054.3256
MW-18235,Mitch Willingham,2017-11-16,2,5253.876,1665.516,45,4,1,5,10,Recent Customers,2626.938
HR-14830,Harold Ryan,2017-07-24,7,5248.787,1196.9504,160,2,4,5,11,Loyal Customers,749.8267142857143
SC-20725,Steven Cartwright,2017-06-26,11,5226.21,1276.6513,188,2,5,5,12,Loyal Customers,475.11
RP-19390,Resi Pölking,2017-11-27,12,5153.084,465.25030000000015,34,4,5,5,14,Champions,429.42366666666663
LR-16915,Lena Radford,2017-12-04,6,5142.892,535.4764,27,4,3,5,12,Recent Customers,857.1486666666666
MP-18175,Mike Pelletier,2017-12-14,9,5087.92,226.4529,17,5,5,5,15,Champions,565.3244444444445
AA-10645,Anna Andreadi,2017-11-05,6,5086.9349999999995,857.8033,56,3,3,5,11,Potential Loyalists,847.8224999999999
IL-15100,Ivan Liston,2017-08-10,7,5040.736,1121.937,143,2,4,5,11,Loyal Customers,720.1051428571428
KL-16555,Kelly Lampkin,2017-12-14,8,5016.488,-182.78130000000002,17,5,4,5,14,Champions,627.061
LB-16795,Laurel Beltran,2017-07-31,8,4985.676,-52.19099999999998,153,2,4,5,11,Loyal Customers,623.2095
DH-13075,Dave Hallsten,2017-03-28,6,4932.872,1193.7404,278,1,3,5,9,At Risk - High Value,822.1453333333334
IM-15070,Irene Maddox,2016-12-05,7,4930.474,514.6527,391,1,4,5,10,Loyal Customers,704.3534285714286
TT-21070,Ted Trevino,2017-11-29,7,4915.602,751.9567,32,4,4,5,13,Champions,702.2288571428571
KM-16720,Kunst Miller,2017-12-02,8,4909.472,745.7685,29,4,4,5,13,Champions,613.684
PO-19180,Philisse Overcash,2017-07-23,9,4893.043,1155.4331,161,2,5,5,12,Loyal Customers,543.6714444444444
HK-14890,Heather Kirkland,2017-08-01,8,4877.784,956.9451,152,2,4,5,11,Loyal Customers,609.723
AJ-10780,Anthony Jacobs,2017-10-16,7,4867.344,150.71300000000005,76,3,3,5,11,Potential Loyalists,695.3348571428571
JK-15730,Joe Kamberova,2017-10-07,10,4867.2,55.0483,85,3,5,5,13,Loyal Customers,486.71999999999997
AH-10210,Alan Hwang,2017-12-24,9,4805.344,1308.5546,7,5,5,5,15,Champions,533.9271111111111
DK-13225,Dean Katz,2017-12-20,9,4802.394,209.89940000000004,11,5,5,5,15,Champions,533.5993333333333
RA-19915,Russell Applegate,2017-12-18,9,4793.543,304.8673,13,5,5,5,15,Champions,532.6158888888889
SA-20830,Sue Ann Reed,2017-10-28,10,4767.3415,610.1496000000001,64,3,5,5,13,Loyal Customers,476.73415000000006
JK-15640,Jim Kriz,2017-07-03,9,4760.434,1172.5303,181,2,5,5,12,Loyal Customers,528.9371111111111
BW-11110,Bart Watters,2017-08-31,8,4750.358,921.2574,122,2,4,5,11,Loyal Customers,593.79475
TB-21520,Tracy Blumstein,2017-09-14,9,4737.486,-1603.0451,108,2,5,5,12,Loyal Customers,526.3873333333333
GB-14575,Giulietta Baptist,2017-12-17,5,4716.288,1135.8393,14,5,2,5,12,Recent Customers,943.2575999999999
RB-19465,Rick Bensley,2017-12-21,12,4715.466,640.5466,10,5,5,5,15,Champions,392.95550000000003
ES-14080,Erin Smith,2017-12-02,9,4657.924,246.6661,29,4,5,5,14,Champions,517.5471111111111
DB-13270,Deborah Brumfield,2017-11-07,8,4655.897,841.8263999999999,54,4,4,5,13,Champions,581.987125
KT-16480,Kean Thornton,2017-09-21,10,4642.088400000001,194.0671,101,3,5,5,13,Loyal Customers,464.20884000000007
SC-20050,Sample Company A,2017-11-20,9,4624.572,1011.7443,41,4,5,5,14,Champions,513.8413333333333
EM-14140,Eugene Moren,2017-11-12,6,4588.436000000001,1319.3655,49,4,3,5,12,Recent Customers,764.7393333333334
DB-13060,Dave Brooks,2017-12-14,7,4531.646,473.0272,17,5,3,5,13,Recent Customers,647.3779999999999
AR-10825,Anthony Rawles,2017-11-02,8,4523.336,494.83519999999993,59,3,4,5,12,Loyal Customers,565.417
AG-10900,Arthur Gainer,2017-09-25,10,4510.797,343.6824,97,3,5,5,13,Loyal Customers,451.07969999999995
AJ-10795,Anthony Johnson,2017-07-17,7,4501.391,1158.7064,167,2,3,5,10,At Risk - High Value,643.0558571428571
LC-16930,Linda Cazamias,2017-11-19,8,4492.946,288.26599999999996,42,4,4,5,13,Champions,561.61825
SC-20770,Stewart Carmichael,2017-11-19,7,4492.657,-671.1874,42,4,4,5,13,Champions,641.8081428571429
TP-21130,Theone Pippenger,2017-12-22,9,4454.0560000000005,1129.1261,9,5,5,5,15,Champions,494.8951111111112
MC-17425,Mark Cousins,2016-11-26,5,4432.138,1802.3903,400,1,2,5,8,At Risk - High Value,886.4276
JK-15205,Jamie Kunitz,2017-10-30,5,4427.142,1219.983,62,3,2,5,10,Potential Loyalists,885.4284
KW-16435,Katrina Willman,2017-09-25,5,4416.5199999999995,1756.135,97,3,2,5,10,Potential Loyalists,883.3039999999999
BD-11500,Bradley Drucker,2017-11-25,6,4411.2429999999995,1142.1225,36,4,3,5,12,Recent Customers,735.2071666666666
AI-10855,Arianne Irving,2017-12-17,10,4375.786,867.7271000000001,14,5,5,5,15,Champions,437.5786
SC-20230,Scot Coram,2017-08-03,4,4371.9580000000005,440.14099999999996,150,2,2,5,9,At Risk - High Value,1092.9895000000001
EB-13840,Ellis Ballard,2017-10-01,5,4358.128,656.1988,91,3,2,5,10,Potential Loyalists,871.6256
GZ-14470,Gary Zandusky,2017-12-23,9,4355.150000000001,1087.7539,8,5,5,5,15,Champions,483.9055555555556
SR-20740,Steven Roelle,2017-06-17,8,4345.8859999999995,1990.4243999999999,197,2,4,5,11,Loyal Customers,543.2357499999999
ND-18370,Natalie DeCherney,2017-12-03,9,4326.139,353.64549999999997,28,4,5,5,14,Champions,480.6821111111111
MA-17560,Matt Abelman,2017-10-27,11,4299.161,1240.2266,65,3,5,5,13,Loyal Customers,390.8328181818182
SP-20860,Sung Pak,2017-10-12,10,4282.94,566.7226,80,3,5,5,13,Loyal Customers,428.294
DK-12895,Dana Kaydos,2017-11-15,5,4282.176,937.6496,46,4,2,4,10,Recent Customers,856.4352000000001
RD-19480,Rick Duston,2017-10-19,8,4272.93,480.594,73,3,4,4,11,Loyal Customers,534.11625
TC-21295,Toby Carlisle,2017-12-03,8,4266.812,606.3727,28,4,4,4,12,Champions,533.3515
AS-10225,Alan Schoenberger,2017-12-08,5,4260.784,719.7751000000001,23,5,2,4,11,Recent Customers,852.1568
FH-14275,Frank Hawley,2017-11-23,10,4256.272,1073.2676,38,4,5,4,13,Champions,425.6272
CB-12535,Claudia Bergmann,2017-06-16,8,4246.4555,1049.5601,198,2,4,4,10,Loyal Customers,530.8069375
TH-21550,Tracy Hopkins,2017-10-19,7,4234.0960000000005,-571.9678,73,3,4,4,11,Loyal Customers,604.8708571428572
BE-11335,Bill Eplett,2017-09-02,5,4204.676,1487.7739000000001,120,2,2,4,8,At Risk - High Value,840.9352000000001
JF-15565,Jill Fjeld,2017-11-06,8,4198.332,1073.2088,55,3,4,4,11,Loyal Customers,524.7915
GH-14425,Gary Hwang,2017-11-10,4,4172.8460000000005,1176.4181,51,4,1,4,9,Recent Customers,1043.2115000000001
RS-19765,Roland Schwarz,2017-11-24,8,4159.7699999999995,1206.3851,37,4,4,4,12,Champions,519.9712499999999
MY-18295,Muhammed Yedwab,2017-10-20,11,4152.696,-371.7111,72,3,5,4,12,Loyal Customers,377.5178181818182
PM-19135,Peter McVee,2017-11-09,4,4115.662,526.7537,52,4,2,4,10,Recent Customers,1028.9155
SV-20785,Stewart Visinsky,2017-02-13,9,4105.305,485.0272,321,1,5,4,10,Loyal Customers,456.14500000000004
DM-13345,Denise Monton,2017-12-08,8,4074.4719999999998,1319.0586,23,5,4,4,13,Champions,509.30899999999997
FP-14320,Frank Preis,2017-12-07,8,4046.746,406.44730000000004,24,5,4,4,13,Champions,505.84325
SP-20920,Susan Pistek,2017-10-21,6,3990.689,14.692400000000003,71,3,3,4,10,Potential Loyalists,665.1148333333333
CM-12715,Craig Molinari,2015-03-01,4,3984.4524,176.3108,1036,1,1,4,6,At Risk - High Value,996.1131
MP-17965,Michael Paige,2017-10-19,9,3983.6420000000003,638.1563,73,3,5,4,12,Loyal Customers,442.6268888888889
SC-20305,Sean Christensen,2017-12-01,7,3979.065,229.1617,30,4,4,4,12,Champions,568.4378571428572
SJ-20125,Sanjit Jacobs,2017-09-26,12,3949.656,144.1189,96,3,5,4,12,Loyal Customers,329.138
LF-17185,Luke Foster,2017-12-08,7,3930.5089999999996,-3583.977,23,5,4,4,13,Champions,561.5012857142857
PW-19240,Pierre Wener,2016-09-22,7,3922.4150000000004,1290.354,465,1,4,4,9,Loyal Customers,560.345
GA-14515,George Ashbrook,2017-08-03,8,3919.7760000000003,840.899,150,2,4,4,10,Loyal Customers,489.97200000000004
KH-16630,Ken Heidel,2017-11-02,9,3918.9660000000003,727.3786,59,3,5,4,12,Loyal Customers,435.4406666666667
CC-12220,Chris Cortes,2017-12-10,12,3913.418,393.9618,21,5,5,4,14,Champions,326.1181666666667
DB-13555,Dorothy Badders,2017-09-14,7,3908.8028,109.32700000000001,108,2,3,4,9,At Risk - High Value,558.4004
NP-18670,Nora Paige,2017-11-02,5,3908.402,514.6002,59,3,2,4,9,Potential Loyalists,781.6804
KC-16540,Kelly Collister,2017-09-24,4,3908.262,709.4219,98,3,1,4,8,Potential Loyalists,977.0655
FC-14335,Fred Chung,2017-06-29,7,3889.366,714.2926,185,2,3,4,9,At Risk - High Value,555.6237142857143
BS-11380,Bill Stewart,2017-12-02,5,3887.834,-17.532200000000024,29,4,2,4,10,Recent Customers,777.5668
JS-15880,John Stevenson,2016-07-14,5,3868.02,564.9798000000001,535,1,2,4,7,At Risk - High Value,773.604
RA-19885,Ruben Ausman,2017-11-17,7,3832.314,1292.8656,44,4,4,4,12,Champions,547.4734285714286
AT-10735,Annie Thurman,2017-12-17,10,3831.864,974.107,14,5,5,4,14,Champions,383.1864
OT-18730,Olvera Toch,2017-10-26,5,3818.624,-925.1203,66,3,2,4,9,Potential Loyalists,763.7248
RO-19780,Rose O'Brian,2017-11-25,7,3815.478,-1262.5716000000002,36,4,4,4,12,Champions,545.0682857142857
MC-17845,Michael Chen,2017-12-29,7,3805.714,698.4174,2,5,4,4,13,Champions,543.6734285714285
MM-17920,Michael Moore,2017-12-23,11,3794.0800000000004,82.12499999999997,8,5,5,4,14,Champions,344.91636363636366
CA-11965,Carol Adams,2017-09-25,6,3789.7228,1143.3817,97,3,3,4,10,Potential Loyalists,631.6204666666666
MG-17650,Matthew Grinstein,2017-12-01,7,3785.276,341.898,30,4,4,4,12,Champions,540.7537142857143
MD-17350,Maribeth Dona,2017-09-04,7,3766.382,-241.94999999999996,118,2,4,4,10,Loyal Customers,538.0545714285714
JK-15625,Jim Karlsson,2017-10-30,7,3760.028,750.9485,62,3,4,4,11,Loyal Customers,537.1468571428571
JK-16090,Juliana Krohn,2017-12-02,3,3747.668,586.6625,29,4,1,4,9,Recent Customers,1249.2226666666668
FM-14290,Frank Merwin,2017-11-24,9,3736.198,198.10949999999997,37,4,5,4,13,Champions,415.1331111111111
SC-20260,Scott Cohen,2017-06-26,8,3729.7929999999997,671.0033999999999,188,2,4,4,10,Loyal Customers,466.22412499999996
HG-15025,Hunter Glantz,2017-12-24,7,3690.284,804.6113,7,5,4,4,13,Champions,527.1834285714286
BP-11185,Ben Peterman,2017-12-29,9,3675.861,363.5991,2,5,5,4,14,Champions,408.429
LP-17095,Liz Preis,2017-12-21,7,3653.399,338.44539999999995,10,5,4,4,13,Champions,521.9141428571428
CS-12400,Christopher Schild,2017-12-28,9,3651.8585000000003,-342.80330000000004,3,5,5,4,14,Champions,405.7620555555556
EB-13705,Ed Braxton,2017-11-12,9,3644.978,13.621500000000005,49,4,5,4,13,Champions,404.99755555555555
JP-15520,Jeremy Pistek,2017-12-22,7,3635.594,757.1802,9,5,4,4,13,Champions,519.3705714285715
SZ-20035,Sam Zeldin,2017-11-25,11,3625.329,366.43030000000005,36,4,5,4,13,Champions,329.57536363636365
RH-19495,Rick Hansen,2017-11-28,5,3621.3759999999997,563.7877,33,4,2,4,10,Recent Customers,724.2751999999999
TB-21175,Thomas Boland,2017-11-02,4,3589.296,829.1635,59,3,2,4,9,Potential Loyalists,897.324
GM-14440,Gary McGarr,2017-10-08,7,3582.8199999999997,347.266,84,3,3,4,10,Potential Loyalists,511.83142857142855
DL-13495,Dionis Lloyd,2017-10-15,8,3539.322,-52.78799999999997,77,3,4,4,11,Loyal Customers,442.41525
ES-14020,Erica Smith,2017-11-20,5,3510.4579999999996,1003.2935,41,4,2,4,10,Recent Customers,702.0916
RW-19690,Robert Waldorf,2017-10-12,5,3495.646,707.5503,80,3,2,4,9,Potential Loyalists,699.1292000000001
AG-10675,Anna Gayman,2017-09-24,7,3489.0396000000005,-246.42570000000003,98,3,3,4,10,Potential Loyalists,498.43422857142866
ED-13885,Emily Ducich,2017-08-17,8,3484.92,670.4435000000001,136,2,4,4,10,Loyal Customers,435.615
PW-19030,Pauline Webber,2017-11-14,10,3454.916,803.8169,47,4,5,4,13,Champions,345.4916
SF-20200,Sarah Foster,2017-11-01,9,3422.7859999999996,286.9046,60,3,5,4,12,Loyal Customers,380.3095555555555
FC-14245,Frank Carlisle,2017-10-21,7,3418.742,1217.1662000000001,71,3,3,4,10,Potential Loyalists,488.39171428571433
SH-19975,Sally Hughsby,2017-12-01,13,3406.8395,558.4739999999999,30,4,5,4,13,Champions,262.0645769230769
SG-20080,Sandra Glassco,2017-12-22,3,3406.5809999999997,570.438,9,5,1,4,10,Recent Customers,1135.5269999999998
TS-21655,Trudy Schmidt,2017-05-06,5,3368.094,220.91629999999998,239,1,3,4,8,At Risk - High Value,673.6188
SC-20020,Sam Craven,2015-11-10,5,3362.9636,-317.0508,782,1,2,4,7,At Risk - High Value,672.59272
VP-21760,Victoria Pisteka,2017-10-16,7,3360.526,-1018.7768,76,3,4,4,11,Loyal Customers,480.07514285714285
DJ-13630,Doug Jacobs,2017-12-18,3,3356.398,731.5644,13,5,1,4,10,Recent Customers,1118.7993333333334
DV-13465,Dianna Vittorini,2017-12-01,6,3341.587,353.2127,30,4,3,4,11,Recent Customers,556.9311666666666
SF-20965,Sylvia Foulston,2017-11-12,9,3336.535,539.9352,49,4,5,4,13,Champions,370.7261111111111
DC-12850,Dan Campbell,2017-11-23,9,3336.168,-1441.6312999999998,38,4,5,4,13,Champions,370.68533333333335
AP-10915,Arthur Prichep,2017-09-23,10,3323.556,579.3113,99,3,5,4,12,Loyal Customers,332.3556
DK-13375,Dennis Kane,2017-12-11,8,3318.486,377.0799,20,5,4,4,13,Champions,414.81075
KH-16330,Katharine Harms,2017-11-20,8,3312.864,454.7871,41,4,4,4,12,Champions,414.108
RF-19345,Randy Ferguson,2016-12-05,8,3309.15,633.7072000000001,391,1,4,4,9,Loyal Customers,413.64375
RR-19525,Rick Reed,2017-07-13,6,3302.2619999999997,721.6826,171,2,3,4,9,At Risk - High Value,550.377
BD-11605,Brian Dahlen,2017-09-24,7,3288.471,634.8463,98,3,3,4,10,Potential Loyalists,469.78157142857145
BS-11665,Brian Stugart,2016-05-27,3,3288.1099999999997,238.73680000000002,583,1,1,4,6,At Risk - High Value,1096.0366666666666
RW-19630,Rob Williams,2017-10-02,9,3279.746,698.8325,90,3,5,4,12,Loyal Customers,364.41622222222225
DL-12925,Daniel Lacy,2017-11-03,6,3272.2,4.213200000000029,58,3,3,4,10,Potential Loyalists,545.3666666666667
DK-12835,Damala Kotsonis,2017-12-09,12,3256.48,881.1228000000001,22,5,5,4,14,Champions,271.37333333333333
AS-10090,Adam Shillingsburg,2017-12-02,9,3255.31,64.53739999999998,29,4,5,4,13,Champions,361.7011111111111
JO-15145,Jack O'Briant,2017-11-03,9,3254.949,581.4045,58,3,5,4,12,Loyal Customers,361.661
AH-10075,Adam Hart,2017-11-26,10,3250.337,281.189,35,4,5,4,13,Champions,325.0337
HG-14965,Henry Goldwyn,2017-12-07,12,3247.642,-2797.9635000000003,24,5,5,4,14,Champions,270.6368333333333
LC-16960,Lindsay Castell,2016-10-20,4,3246.626,299.48019999999997,437,1,1,4,6,At Risk - High Value,811.6565
CT-11995,Carol Triggs,2017-09-25,8,3241.898,161.22629999999995,97,3,4,4,11,Loyal Customers,405.23725
EB-13750,Edward Becker,2017-11-25,10,3236.314,-80.28599999999999,36,4,5,4,13,Champions,323.6314
SR-20425,Sharelle Roach,2017-12-22,5,3233.481,-3333.9144,9,5,2,4,11,Recent Customers,646.6962000000001
LW-16990,Lindsay Williams,2017-11-27,6,3230.308,662.8339000000001,34,4,3,4,11,Recent Customers,538.3846666666667
RS-19420,Ricardo Sperren,2017-10-15,5,3221.29,633.4513999999999,77,3,2,4,9,Potential Loyalists,644.258
AS-10285,Alejandro Savely,2017-12-11,6,3214.236,354.62760000000003,20,5,3,4,12,Recent Customers,535.706
MP-17470,Mark Packer,2016-01-11,7,3206.132,600.2873,720,1,4,4,9,Loyal Customers,458.01885714285714
CS-12355,Christine Sundaresam,2017-12-24,11,3202.1620000000003,831.9432,7,5,5,4,14,Champions,291.1056363636364
BT-11680,Brian Thompson,2017-12-10,7,3196.752,447.74839999999995,21,5,3,4,12,Recent Customers,456.6788571428571
DG-13300,Deirdre Greer,2017-11-28,5,3195.818,562.7761,33,4,2,4,10,Recent Customers,639.1636000000001
JL-15505,Jeremy Lonsdale,2017-11-11,6,3173.874,591.7163,50,4,3,4,11,Recent Customers,528.9789999999999
GM-14680,Greg Matthias,2017-07-31,6,3163.628,35.48649999999999,153,2,3,4,9,At Risk - High Value,527.2713333333334
JM-15250,Janet Martin,2017-11-23,6,3159.1220000000003,19.82350000000004,38,4,3,4,11,Recent Customers,526.5203333333334
CK-12205,Chloris Kastensmidt,2017-11-21,13,3154.855,141.2831,40,4,5,4,13,Champions,242.68115384615385
KB-16240,Karen Bern,2017-12-26,7,3152.6150000000002,763.9076,5,5,4,4,13,Champions,450.37357142857144
MS-17770,Maxwell Schwartz,2017-08-31,9,3144.678,280.85839999999996,122,2,5,4,11,Loyal Customers,349.40866666666665
RD-19900,Ruben Dartt,2017-09-07,9,3133.924,455.5292,115,2,5,4,11,Loyal Customers,348.21377777777775
TN-21040,Tanja Norvell,2017-10-01,7,3130.221,-692.0452,91,3,4,4,11,Loyal Customers,447.17442857142856
SN-20710,Steve Nguyen,2017-10-12,7,3127.9592,481.74989999999997,80,3,4,4,11,Loyal Customers,446.85131428571424
SG-20605,Speros Goranitis,2017-09-13,6,3124.832,463.269,109,2,3,4,9,At Risk - High Value,520.8053333333334
KH-16360,Katherine Hughes,2017-12-29,6,3100.612,528.2051,2,5,3,4,12,Recent Customers,516.7686666666667
PG-18820,Patrick Gardner,2017-11-24,13,3086.907,137.46130000000002,37,4,5,4,13,Champions,237.45438461538464
EH-14125,Eugene Hildebrand,2017-07-31,10,3082.653,96.27019999999999,153,2,5,4,11,Loyal Customers,308.26529999999997
GM-14455,Gary Mitchum,2017-12-14,6,3078.624,793.2814000000001,17,5,3,4,12,Recent Customers,513.1039999999999
EB-14110,Eugene Barchas,2017-09-08,6,3071.126,184.7656,114,2,3,4,9,At Risk - High Value,511.8543333333334
MG-18145,Mike Gockenbach,2017-10-07,4,3061.543,-93.603,85,3,2,4,9,Potential Loyalists,765.38575
TG-21310,Toby Gnade,2017-01-27,5,3058.372,682.1704,338,1,3,4,8,At Risk - High Value,611.6744
KT-16465,Kean Takahito,2016-12-04,7,3057.1,254.0032,392,1,4,4,9,Loyal Customers,436.7285714285714
SS-20410,Shahid Shariari,2017-09-11,6,3056.8070000000002,-1010.9738,111,2,3,4,9,At Risk - High Value,509.4678333333334
SL-20155,Sara Luxemburg,2017-10-21,7,3053.012,527.9715,71,3,4,4,11,Loyal Customers,436.14457142857145
AS-10045,Aaron Smayling,2017-10-03,7,3050.692,-253.57459999999998,89,3,3,4,10,Potential Loyalists,435.81314285714285
CA-12775,Cynthia Arntzen,2017-09-01,7,3041.566,204.48950000000002,121,2,3,4,9,At Risk - High Value,434.50942857142854
CS-11950,Carlos Soltero,2017-12-05,11,3036.547,-126.4223,26,5,5,4,14,Champions,276.0497272727273
LS-16975,Lindsay Shagiari,2017-12-10,9,2988.674,262.63669999999996,21,5,5,4,14,Champions,332.0748888888889
MH-18025,Michelle Huthwaite,2017-11-11,5,2984.948,476.9032,50,4,2,4,10,Recent Customers,596.9896
FA-14230,Frank Atkinson,2017-09-24,7,2984.054,520.5229,98,3,3,4,10,Potential Loyalists,426.2934285714286
DB-13120,David Bremer,2017-11-12,7,2973.094,-1421.7692,49,4,3,4,11,Recent Customers,424.7277142857143
NS-18640,Noel Staavos,2017-07-09,13,2964.823,-234.7714,175,2,5,4,11,Loyal Customers,228.0633076923077
TM-21010,Tamara Manning,2017-09-18,8,2955.2259999999997,573.3013,104,2,4,4,10,Loyal Customers,369.40324999999996
CK-12325,Christine Kargatis,2017-09-01,5,2945.321,261.22090000000003,121,2,2,4,8,At Risk - High Value,589.0642
TH-21115,Thea Hudgings,2017-11-02,4,2942.772,-252.5539,59,3,2,4,9,Potential Loyalists,735.693
LT-17110,Liz Thompson,2017-11-26,8,2936.252,320.973,35,4,4,4,12,Champions,367.0315
BC-11125,Becky Castell,2017-06-11,9,2933.676,251.5974,203,2,5,4,11,Loyal Customers,325.964
JK-16120,Julie Kriz,2017-09-04,10,2932.484,122.6566,118,2,5,4,11,Loyal Customers,293.2484
SW-20455,Shaun Weien,2017-07-21,7,2921.544,793.6548,163,2,4,4,10,Loyal Customers,417.3634285714285
ML-17410,Maris LaWare,2017-11-06,6,2921.5,-76.17550000000003,55,3,3,4,10,Potential Loyalists,486.9166666666667
RD-19585,Rob Dowd,2017-07-03,10,2912.8940000000002,734.5158,181,2,5,4,11,Loyal Customers,291.2894
CY-12745,Craig Yedwab,2017-10-31,8,2900.026,60.64670000000001,61,3,4,4,11,Loyal Customers,362.50325
ND-18460,Neil Ducich,2017-06-30,6,2893.455,443.33680000000004,184,2,3,4,9,At Risk - High Value,482.2425
MT-17815,Meg Tillman,2017-11-11,6,2890.139,509.0068,50,4,3,4,11,Recent Customers,481.68983333333335
BF-11020,Barry Französisch,2017-10-17,8,2888.506,302.02,75,3,4,4,11,Loyal Customers,361.06325
DS-13180,David Smith,2017-12-07,9,2881.8128,163.6993,24,5,5,4,14,Champions,320.2014222222222
PV-18985,Paul Van Hugh,2017-10-02,5,2876.046,434.52840000000003,90,3,2,4,9,Potential Loyalists,575.2092
IM-15055,Ionia McGrath,2016-11-16,3,2872.63,975.7701,410,1,1,4,6,At Risk - High Value,957.5433333333334
CC-12430,Chuck Clark,2017-12-30,10,2870.05,424.6583,1,5,5,4,14,Champions,287.005
CC-12685,Craig Carroll,2015-10-23,4,2854.1150000000002,850.1591,800,1,1,4,6,At Risk - High Value,713.5287500000001
AW-10930,Arthur Wiediger,2017-11-14,7,2852.968,-104.5486,47,4,3,4,11,Recent Customers,407.56685714285715
EA-14035,Erin Ashbrook,2017-07-31,13,2846.705,-52.74059999999998,153,2,5,4,11,Loyal Customers,218.97730769230768
LS-16945,Linda Southworth,2017-07-05,6,2845.27,-318.77369999999996,179,2,3,4,9,At Risk - High Value,474.21166666666664
DB-12970,Darren Budd,2017-05-03,5,2839.2272,213.00289999999998,242,1,2,4,7,At Risk - High Value,567.8454399999999
JM-16195,Justin MacKendrick,2017-11-03,10,2833.9260000000004,754.1144,58,3,5,4,12,Loyal Customers,283.3926
CV-12295,Christina VanderZanden,2017-04-20,5,2830.6279999999997,493.0861,255,1,2,4,7,At Risk - High Value,566.1256
TS-21610,Troy Staebel,2017-11-05,7,2820.424,-294.6981,56,3,4,4,11,Loyal Customers,402.9177142857143
GH-14410,Gary Hansen,2017-10-16,9,2819.4669999999996,-576.8335,76,3,5,4,12,Loyal Customers,313.2741111111111
BG-11035,Barry Gonzalez,2017-12-02,8,2798.948,-711.4274,29,4,4,4,12,Champions,349.8685
TB-21625,Trudy Brown,2017-11-30,9,2797.668,379.882,31,4,5,4,13,Champions,310.85200000000003
RD-19660,Robert Dilbeck,2017-09-07,5,2786.632,835.772,115,2,2,4,8,At Risk - High Value,557.3264
JC-15775,John Castell,2017-07-25,9,2772.055,279.56919999999997,159,2,5,4,11,Loyal Customers,308.00611111111107
PF-19165,Philip Fox,2017-06-17,6,2770.0,196.87389999999996,197,2,3,4,9,At Risk - High Value,461.6666666666667
EB-13870,Emily Burns,2017-09-21,10,2767.219,261.5315,101,3,5,4,12,Loyal Customers,276.7219
CS-12250,Chris Selesnick,2017-12-04,12,2754.216,738.3626,27,5,5,4,14,Champions,229.518
MM-18055,Michelle Moray,2017-10-30,8,2749.881,-520.3443,62,3,4,3,10,Loyal Customers,343.735125
KB-16585,Ken Black,2017-05-14,12,2744.742,579.3551,231,1,5,3,9,Loyal Customers,228.72850000000003
LL-16840,Lauren Leatherbury,2017-04-25,6,2741.2039999999997,560.0078,250,1,3,3,7,At Risk - High Spend,456.8673333333333
MC-17275,Marc Crier,2017-10-15,8,2725.982,461.0014,77,3,4,3,10,Loyal Customers,340.74775
JL-15850,John Lucas,2016-04-25,6,2725.256,779.9046,615,1,3,3,7,At Risk - High Spend,454.2093333333333
ML-17395,Marina Lichtenstein,2017-10-22,9,2722.843,684.9162,70,3,5,3,11,Loyal Customers,302.5381111111111
JK-15370,Jay Kimmel,2017-11-16,8,2709.632,330.2838,45,4,4,3,11,Loyal Customers,338.704
JE-16165,Justin Ellison,2017-12-10,3,2697.248,789.6476,21,5,1,3,9,Recent Customers,899.0826666666667
BT-11530,Bradley Talbott,2017-09-30,5,2684.4919999999997,409.4983,92,3,2,3,8,Potential Loyalists,536.8983999999999
BO-11350,Bill Overfelt,2017-08-15,5,2682.728,278.77700000000004,138,2,2,3,7,Inactive,536.5456
FO-14305,Frank Olsen,2017-11-22,10,2678.438,215.59689999999998,39,4,5,3,12,Loyal Customers,267.8438
NH-18610,Nicole Hansen,2017-06-24,7,2673.29,760.1666,190,2,4,3,9,Loyal Customers,381.8985714285714
RB-19435,Richard Bierner,2017-12-11,8,2663.0860000000002,477.23990000000003,20,5,4,3,12,Loyal Customers,332.88575000000003
EJ-14155,Eva Jacobs,2017-11-03,5,2656.691,451.87550000000005,58,3,2,3,8,Potential Loyalists,531.3381999999999
DK-13090,Dave Kipp,2017-11-18,7,2650.557,536.3935,43,4,3,3,10,Recent Customers,378.65099999999995
CA-12265,Christina Anderson,2017-11-04,9,2648.2872,279.6183,57,3,5,3,11,Loyal Customers,294.25413333333336
LC-17140,Logan Currie,2017-12-17,9,2633.582,231.12520000000004,14,5,5,3,13,Loyal Customers,292.6202222222222
RA-19285,Ralph Arnett,2017-12-25,9,2617.906,546.0882,6,5,5,3,13,Loyal Customers,290.8784444444444
KN-16390,Katherine Nockton,2017-12-11,9,2617.272,-151.1518,20,5,5,3,13,Loyal Customers,290.808
SO-20335,Sean O'Donnell,2017-12-01,6,2602.5755,-81.0858,30,4,3,3,10,Recent Customers,433.76258333333334
SU-20665,Stephanie Ulpright,2017-12-10,7,2595.364,763.4719,21,5,4,3,12,Loyal Customers,370.76628571428574
HA-14920,Helen Andreada,2017-12-10,8,2584.158,99.1445,21,5,4,3,12,Loyal Customers,323.01975
AG-10270,Alejandro Grove,2017-03-27,5,2582.898,732.7399,279,1,2,3,6,Inactive,516.5796
LC-16870,Lena Cacioppo,2017-12-03,8,2580.7039999999997,-188.25110000000004,28,4,4,3,11,Loyal Customers,322.58799999999997
SC-20695,Steve Chapman,2017-10-02,10,2576.408,611.8291,90,3,5,3,11,Loyal Customers,257.6408
NS-18505,Neola Schneider,2017-12-24,4,2575.863,-12.303999999999997,7,5,2,3,10,Recent Customers,643.96575
BT-11305,Beth Thompson,2017-01-28,5,2567.656,417.5918,337,1,2,3,6,Inactive,513.5312
EM-13810,Eleni McCrary,2017-08-20,5,2567.0099999999998,-133.8275,133,2,2,3,7,Inactive,513.4019999999999
MZ-17515,Mary Zewe,2017-03-23,6,2564.906,787.7503,283,1,3,3,7,At Risk - High Spend,427.4843333333333
BS-11755,Bruce Stewart,2017-12-29,7,2562.382,-113.29840000000003,2,5,3,3,11,Recent Customers,366.0545714285714
DE-13255,Deanra Eno,2016-01-11,5,2550.874,464.47139999999996,720,1,2,3,6,Inactive,510.17479999999995
CC-12610,Corey Catlett,2017-11-26,7,2540.631,331.434,35,4,3,3,10,Recent Customers,362.94728571428567
AC-10615,Ann Chong,2017-12-24,5,2537.6859999999997,298.8273,7,5,2,3,10,Recent Customers,507.5371999999999
CM-12160,Charles McCrossin,2017-12-04,6,2533.314,-394.3686,27,5,3,3,11,Recent Customers,422.219
HF-14995,Herbert Flentye,2017-12-09,7,2533.1639999999998,-13.876799999999989,22,5,4,3,12,Loyal Customers,361.8805714285714
FM-14380,Fred McMath,2017-08-07,9,2523.266,191.4898,146,2,5,3,10,Loyal Customers,280.3628888888889
JB-16045,Julia Barnett,2017-12-23,5,2518.115,201.51850000000002,8,5,2,3,10,Recent Customers,503.62299999999993
JS-16030,Joy Smith,2017-12-02,6,2516.494,-311.25749999999994,29,4,3,3,10,Recent Customers,419.4156666666667
DJ-13510,Don Jones,2017-11-12,8,2501.6879999999996,345.2521,49,4,4,3,11,Loyal Customers,312.71099999999996
AH-10465,Amy Hunt,2017-05-14,5,2495.3916,-196.12009999999998,231,1,2,3,6,Inactive,499.07831999999996
PO-18865,Patrick O'Donnell,2017-12-30,7,2493.214,437.8533,1,5,4,3,12,Loyal Customers,356.1734285714286
NZ-18565,Nick Zandusky,2017-10-06,9,2488.31,402.4236,86,3,5,3,11,Loyal Customers,276.4788888888889
MN-17935,Michael Nguyen,2017-11-26,6,2477.946,290.8227,35,4,3,3,10,Recent Customers,412.991
BP-11290,Beth Paige,2017-12-18,7,2475.157,-319.0637,13,5,3,3,11,Recent Customers,353.5938571428572
CC-12145,Charles Crestani,2017-09-15,7,2471.65,392.2825,107,2,3,3,8,At Risk - High Spend,353.09285714285716
NC-18340,Nat Carroll,2017-05-20,5,2461.404,580.3075,225,2,2,3,7,Inactive,492.2808
FM-14215,Filia McAdams,2017-12-23,10,2456.638,249.6808,8,5,5,3,13,Loyal Customers,245.66379999999998
MH-17455,Mark Hamilton,2017-10-06,8,2456.1820000000002,484.77330000000006,86,3,4,3,10,Loyal Customers,307.02275000000003
BS-11590,Brendan Sweed,2017-11-25,6,2454.928,381.7807,36,4,3,3,10,Recent Customers,409.1546666666666
VM-21685,Valerie Mitchum,2017-11-06,7,2454.866,513.5269,55,3,4,3,10,Loyal Customers,350.69514285714286
GZ-14545,George Zrebassa,2017-07-26,4,2454.6220000000003,828.661,158,2,1,3,6,Inactive,613.6555000000001
MA-17995,Michelle Arnett,2017-06-27,6,2453.284,280.7822,187,2,3,3,8,At Risk - High Spend,408.8806666666667
BP-11095,Bart Pistole,2017-12-13,12,2442.044,433.9751,18,5,5,3,13,Loyal Customers,203.50366666666665
MC-17590,Matt Collister,2017-11-09,6,2426.067,288.98409999999996,52,4,3,3,10,Recent Customers,404.3445
TH-21100,Thea Hendricks,2017-01-20,5,2422.824,-135.2125,345,1,3,3,7,At Risk - High Spend,484.5648
MH-17290,Marc Harrigan,2017-09-02,6,2394.025,28.761200000000038,120,2,3,3,8,At Risk - High Spend,399.00416666666666
DF-13135,David Flashing,2016-01-30,3,2390.534,-259.3097,701,1,1,3,5,Inactive,796.8446666666667
XP-21865,Xylona Preis,2017-11-17,11,2374.658,621.23,44,4,5,3,12,Loyal Customers,215.878
CK-12595,Clytie Kelty,2017-11-17,11,2372.75,497.70980000000003,44,4,5,3,12,Loyal Customers,215.70454545454547
JF-15415,Jennifer Ferguson,2017-12-28,6,2371.448,635.6376,3,5,3,3,11,Recent Customers,395.24133333333333
CV-12805,Cynthia Voltz,2017-12-25,9,2370.3136,98.99749999999999,6,5,5,3,13,Loyal Customers,263.36817777777776
NR-18550,Nick Radford,2017-06-03,5,2367.277,-25.148799999999966,211,2,2,3,7,Inactive,473.4554
JG-15115,Jack Garza,2015-12-03,3,2358.676,684.1911,759,1,1,3,5,Inactive,786.2253333333333
AG-10495,Andrew Gjertsen,2017-10-13,8,2356.855,295.6668,79,3,4,3,10,Loyal Customers,294.606875
CL-12700,Craig Leslie,2017-09-16,5,2353.586,229.00990000000002,106,2,2,3,7,Inactive,470.71719999999993
MG-17680,Maureen Gastineau,2017-09-29,4,2350.188,25.888599999999972,93,3,2,3,8,Potential Loyalists,587.547
RF-19735,Roland Fjeld,2017-10-02,7,2341.2960000000003,711.6168,90,3,4,3,10,Loyal Customers,334.4708571428572
EM-13825,Elizabeth Moffitt,2017-11-05,8,2339.598,682.5541999999999,56,3,4,3,10,Loyal Customers,292.44975
DB-13210,Dean Braden,2017-12-21,10,2332.577,169.9679,10,5,5,3,13,Loyal Customers,233.25770000000003
CM-12235,Chris McAfee,2016-12-10,5,2305.712,365.0387,386,1,2,3,6,Inactive,461.1424
MK-17905,Michael Kennedy,2017-12-02,8,2302.368,-405.3559,29,4,4,3,11,Loyal Customers,287.796
LH-16900,Lena Hernandez,2017-12-09,9,2295.332,526.0727,22,5,5,3,13,Loyal Customers,255.03688888888888
KN-16705,Kristina Nunn,2017-09-23,8,2280.58,329.76250000000005,99,3,4,3,10,Loyal Customers,285.0725
JF-15190,Jamie Frazer,2017-10-26,7,2279.5860000000002,575.1259,66,3,4,3,10,Loyal Customers,325.6551428571429
FH-14350,Fred Harton,2017-06-01,4,2271.284,706.289,213,2,1,3,6,Inactive,567.821
CC-12670,Craig Carreira,2017-12-01,7,2269.7015,187.8399,30,4,3,3,10,Recent Customers,324.24307142857145
BE-11410,Bobby Elias,2017-09-23,5,2261.438,755.9150999999999,99,3,2,3,8,Potential Loyalists,452.2876
KM-16225,Kalyca Meade,2017-12-16,6,2260.958,635.1057000000001,15,5,3,3,11,Recent Customers,376.82633333333337
MC-17605,Matt Connell,2017-09-09,8,2258.192,195.4486,113,2,4,3,9,Loyal Customers,282.274
JH-16180,Justin Hirsh,2016-11-21,4,2256.3940000000002,-96.95300000000002,405,1,1,3,5,Inactive,564.0985000000001
MY-17380,Maribeth Yedwab,2017-12-01,7,2254.285,319.1211,30,4,4,3,11,Loyal Customers,322.0407142857143
KD-16615,Ken Dana,2017-03-16,5,2243.5099999999998,539.7219,290,1,2,3,6,Inactive,448.70199999999994
TS-21505,Tony Sayre,2017-12-19,6,2243.274,11.377899999999983,12,5,3,3,11,Recent Customers,373.87899999999996
JG-15310,Jason Gross,2017-12-28,6,2240.58,3.7976000000000063,3,5,3,3,11,Recent Customers,373.43
LW-16825,Laurel Workman,2017-10-03,5,2238.061,32.5767,89,3,2,3,8,Potential Loyalists,447.61220000000003
AR-10405,Allen Rosenblatt,2017-08-27,5,2236.128,-98.7646,126,2,2,3,7,Inactive,447.22560000000004
GG-14650,Greg Guthrie,2017-11-17,9,2224.0,12.698500000000008,44,4,5,3,12,Loyal Customers,247.11111111111111
NC-18415,Nathan Cano,2017-11-19,6,2218.9900000000002,-2204.8072,42,4,3,3,10,Recent Customers,369.8316666666667
MC-18100,Mick Crebagga,2017-11-19,10,2218.98,-64.1668,42,4,5,3,12,Loyal Customers,221.898
DP-13105,Dave Poirier,2017-12-24,8,2215.002,563.1761,7,5,4,3,12,Loyal Customers,276.87525
PF-19225,Phillip Flathmann,2017-09-07,5,2206.1279999999997,591.3118000000001,115,2,2,3,7,Inactive,441.22559999999993
MH-17785,Maya Herman,2017-09-23,7,2203.7780000000002,238.5614,99,3,4,3,10,Loyal Customers,314.82542857142863
JL-15235,Janet Lee,2017-09-02,5,2203.7,54.51740000000002,120,2,2,3,7,Inactive,440.73999999999995
JR-16210,Justin Ritter,2017-11-27,5,2201.686,452.37300000000005,34,4,2,3,9,Recent Customers,440.33720000000005
EN-13780,Edward Nazzal,2017-03-18,4,2199.366,496.1131,288,1,1,3,5,Inactive,549.8415
TB-21280,Toby Braunhardt,2016-05-26,6,2198.45,490.9567,584,1,3,3,7,At Risk - High Spend,366.4083333333333
GW-14605,Giulietta Weimer,2017-12-02,7,2189.019,-268.54229999999995,29,4,3,3,10,Recent Customers,312.717
BT-11395,Bill Tyler,2017-03-03,6,2186.6130000000003,257.9163,303,1,3,3,7,At Risk - High Spend,364.43550000000005
PS-18760,Pamela Stobb,2017-09-14,6,2181.479,-134.441,108,2,3,3,8,At Risk - High Spend,363.5798333333333
SH-20395,Shahid Hopkins,2017-12-07,10,2180.718,-144.5229,24,5,5,3,13,Loyal Customers,218.0718
KN-16450,Kean Nguyen,2017-11-08,5,2171.962,114.3083,53,4,2,3,9,Recent Customers,434.3924
DB-12910,Daniel Byrd,2017-12-09,8,2171.599,431.3748,22,5,4,3,12,Loyal Customers,271.449875
RP-19855,Roy Phan,2017-12-02,8,2170.716,594.5868,29,4,4,3,11,Loyal Customers,271.3395
TS-21160,Theresa Swint,2016-08-13,6,2163.6240000000003,260.87440000000004,505,1,3,3,7,At Risk - High Spend,360.60400000000004
HA-14905,Helen Abelman,2017-10-22,7,2163.3,270.8574,70,3,3,3,9,Potential Loyalists,309.04285714285714
EJ-13720,Ed Jacobs,2017-03-03,4,2162.174,387.0176,303,1,1,3,5,Inactive,540.5435
NM-18520,Neoma Murray,2017-04-30,10,2161.979,788.9525000000001,245,1,5,3,9,Loyal Customers,216.19789999999998
JD-15790,John Dryer,2017-09-04,5,2152.352,-266.55249999999995,118,2,2,3,7,Inactive,430.4704
CR-12580,Clay Rozendal,2017-11-03,4,2148.852,74.40129999999999,58,3,1,3,7,Potential Loyalists,537.213
DN-13690,Duane Noonan,2017-05-27,7,2139.79,540.5405000000001,218,2,3,3,8,At Risk - High Spend,305.6842857142857
KC-16255,Karen Carlisle,2016-11-18,6,2120.954,846.1217,408,1,3,3,7,At Risk - High Spend,353.49233333333336
SH-20635,Stefanie Holloman,2015-11-26,2,2096.392,260.6258,766,1,1,3,5,Inactive,1048.196
LC-17050,Liz Carlisle,2017-11-06,5,2095.064,86.77799999999999,55,3,2,3,8,Potential Loyalists,419.01279999999997
RH-19600,Rob Haberlin,2016-07-14,3,2085.7400000000002,172.6261,535,1,1,3,5,Inactive,695.2466666666668
TG-21640,Trudy Glocke,2017-09-07,4,2074.661,365.7205,115,2,2,3,7,Inactive,518.66525
ML-17755,Max Ludwig,2017-12-01,7,2071.9139999999998,409.51120000000003,30,4,4,3,11,Loyal Customers,295.9877142857143
RB-19705,Roger Barcio,2017-11-06,4,2067.45,243.07549999999998,55,3,2,3,8,Potential Loyalists,516.8625
TS-21430,Tom Stivers,2017-07-11,5,2054.14,48.70169999999999,173,2,3,3,8,At Risk - High Spend,410.828
AF-10870,Art Ferguson,2017-11-19,7,2052.908,317.9712,42,4,3,3,10,Recent Customers,293.27257142857144
CD-11920,Carlos Daly,2017-11-20,5,2033.968,426.661,41,4,2,3,9,Recent Customers,406.7936
NF-18595,Nicole Fjeld,2017-09-07,7,2031.472,388.2131,115,2,4,3,9,Loyal Customers,290.2102857142857
DJ-13420,Denny Joy,2016-04-02,4,2012.52,483.03499999999997,638,1,1,3,5,Inactive,503.13
VB-21745,Victoria Brennan,2017-11-06,6,2005.596,371.2398,55,3,3,3,9,Potential Loyalists,334.266
HP-14815,Harold Pawlan,2017-11-30,7,1990.314,373.8637,31,4,4,3,11,Loyal Customers,284.33057142857143
DB-13615,Doug Bickford,2017-11-27,7,1989.05,438.80119999999994,34,4,3,3,10,Recent Customers,284.15
PG-18895,Paul Gonzalez,2017-11-03,9,1987.164,334.5163,58,3,5,3,11,Loyal Customers,220.796
NB-18655,Nona Balk,2017-12-11,9,1972.599,117.6429,20,5,5,3,13,Loyal Customers,219.17766666666665
SW-20275,Scott Williamson,2017-11-30,6,1966.65,332.8725,31,4,3,3,10,Recent Customers,327.77500000000003
LD-17005,Lisa DeCherney,2016-11-11,4,1961.934,557.1714,415,1,1,3,5,Inactive,490.4835
CB-12415,Christy Brittain,2017-12-04,8,1949.2,272.3883,27,5,4,3,12,Loyal Customers,243.65
TP-21565,Tracy Poddar,2017-01-14,4,1936.6399999999999,139.22869999999995,351,1,2,3,6,Inactive,484.15999999999997
JO-15280,Jas O'Carroll,2017-09-29,6,1934.272,202.13619999999997,93,3,3,3,9,Potential Loyalists,322.3786666666667
JF-15355,Jay Fein,2017-09-16,6,1911.844,330.199,106,2,3,3,8,At Risk - High Spend,318.6406666666667
ME-17725,Max Engle,2017-12-02,8,1908.4532,77.81280000000001,29,4,4,3,11,Loyal Customers,238.55665
SV-20935,Susan Vittorini,2017-12-28,8,1903.491,106.8912,3,5,4,3,12,Loyal Customers,237.936375
KD-16345,Katherine Ducich,2017-11-19,6,1888.964,328.5942,42,4,3,3,10,Recent Customers,314.82733333333334
GD-14590,Giulietta Dortch,2017-12-25,4,1888.07,230.93729999999996,6,5,1,3,9,Recent Customers,472.0175
SG-20470,Sheri Gordon,2017-06-30,8,1884.798,-119.0105,184,2,4,3,9,Loyal Customers,235.59975
LR-17035,Lisa Ryan,2017-08-20,5,1879.306,-382.8079,133,2,2,3,7,Inactive,375.8612
SC-20440,Shaun Chance,2017-11-24,7,1874.998,379.5611,37,4,4,3,11,Loyal Customers,267.85685714285717
BG-11695,Brooke Gillingham,2017-11-24,6,1874.172,107.5715,37,4,3,3,10,Recent Customers,312.362
SP-20650,Stephanie Phelps,2016-12-09,9,1872.4360000000001,268.4782,387,1,5,3,9,Loyal Customers,208.04844444444447
NG-18355,Nat Gilpin,2017-11-12,5,1869.58,313.63349999999997,49,4,2,3,9,Recent Customers,373.916
CD-12790,Cynthia Delaney,2016-11-26,5,1860.732,403.8422,400,1,2,3,6,Inactive,372.14639999999997
SN-20560,Skye Norling,2017-09-10,6,1860.418,-716.8565000000001,112,2,3,3,8,At Risk - High Spend,310.06966666666665
PR-18880,Patrick Ryan,2017-11-24,5,1840.178,247.6226,37,4,2,3,9,Recent Customers,368.03560000000004
AJ-10945,Ashley Jarboe,2017-10-06,7,1839.24,521.1351999999999,86,3,3,3,9,Potential Loyalists,262.74857142857144
PC-18745,Pamela Coakley,2017-12-28,4,1832.064,272.685,3,5,2,3,10,Recent Customers,458.016
EG-13900,Emily Grady,2017-12-08,5,1832.02,104.2656,23,5,2,3,10,Recent Customers,366.404
PJ-19015,Pauline Johnson,2017-08-18,7,1824.2340000000002,682.9979000000001,135,2,4,3,9,Loyal Customers,260.60485714285716
NC-18625,Noah Childs,2017-06-09,5,1821.742,-359.02099999999996,205,2,2,3,7,Inactive,364.34839999999997
JM-15265,Janet Molinari,2017-11-23,5,1804.146,502.6143,38,4,2,3,9,Recent Customers,360.8292
JB-15400,Jennifer Braxton,2017-12-23,10,1791.605,156.05319999999998,8,5,5,3,13,Loyal Customers,179.1605
AA-10480,Andrew Allen,2017-04-15,4,1790.5120000000002,435.8274,260,1,1,3,5,Inactive,447.62800000000004
CC-12100,Chad Cunningham,2016-09-29,6,1770.945,208.5912,458,1,3,3,7,At Risk - High Spend,295.15749999999997
DS-13030,Darrin Sayre,2017-09-28,4,1762.213,193.3319,94,3,1,3,7,Potential Loyalists,440.55325
MF-18250,Monica Federle,2017-12-23,5,1758.3,456.86080000000004,8,5,2,3,10,Recent Customers,351.65999999999997
AH-10030,Aaron Hawkins,2017-12-18,7,1744.7,365.2152,13,5,3,3,11,Recent Customers,249.24285714285716
LH-17155,Logan Haushalter,2016-12-10,9,1739.689,316.5202,386,1,5,3,9,Loyal Customers,193.2987777777778
BW-11200,Ben Wallace,2017-06-10,6,1738.406,246.9973,204,2,3,2,7,At Risk - High Spend,289.7343333333333
VT-21700,Valerie Takahito,2015-04-05,2,1736.596,-224.08889999999997,1001,1,1,2,4,Inactive,868.298
AH-10120,Adrian Hane,2017-10-31,7,1735.5140000000001,-2.3145999999999773,61,3,3,2,8,Potential Loyalists,247.93057142857145
MV-18190,Mike Vittorini,2017-12-11,7,1734.574,273.8582,20,5,4,2,11,Recent Customers,247.79628571428572
JM-15535,Jessica Myrick,2017-09-19,7,1733.443,356.5395,103,3,4,2,9,Potential Loyalists,247.6347142857143
BE-11455,Brad Eason,2017-04-20,6,1727.652,139.20080000000002,255,1,3,2,6,At Risk - High Spend,287.942
DB-13405,Denny Blanton,2017-06-26,4,1711.692,438.9092,188,2,1,2,5,Inactive,427.923
JP-16135,Julie Prescott,2017-09-19,9,1707.71,309.7116,103,3,5,2,10,Potential Loyalists,189.74555555555557
TZ-21580,Tracy Zic,2017-11-25,4,1707.286,224.8887,36,4,2,2,8,Recent Customers,426.8215
BP-11155,Becky Pak,2017-10-02,6,1697.8609999999999,647.3847000000001,90,3,3,2,8,Potential Loyalists,282.97683333333333
DK-12985,Darren Koutras,2017-12-23,5,1687.04,-107.35379999999998,8,5,2,2,9,Recent Customers,337.408
MO-17800,Meg O'Connel,2017-09-17,8,1687.0269999999998,169.34369999999998,105,2,4,2,8,At Risk - High Spend,210.87837499999998
RA-19945,Ryan Akin,2017-10-30,5,1686.9225,-445.695,62,3,2,2,7,Potential Loyalists,337.3845
KE-16420,Katrina Edelman,2017-12-04,8,1686.7312,397.87989999999996,27,5,4,2,11,Recent Customers,210.8414
CA-12055,Cathy Armstrong,2016-11-24,5,1679.7240000000002,211.2559,402,1,2,2,5,Inactive,335.94480000000004
CM-11815,Candace McMahon,2017-08-21,6,1673.888,214.463,132,2,3,2,7,At Risk - High Spend,278.98133333333334
JP-15460,Jennifer Patt,2017-11-23,7,1669.135,429.7465,38,4,4,2,10,Recent Customers,238.44785714285715
CM-12115,Chad McGuire,2017-12-22,4,1661.6100000000001,409.0679,9,5,1,2,8,Recent Customers,415.40250000000003
CC-12475,Cindy Chapman,2017-11-21,9,1659.438,154.851,40,4,5,2,11,Recent Customers,184.382
EB-13975,Erica Bern,2017-12-30,4,1643.255,162.8781,1,5,1,2,8,Recent Customers,410.81375
AP-10720,Anne Pryor,2017-11-19,8,1638.554,285.7888,42,4,4,2,10,Recent Customers,204.81925
AZ-10750,Annie Zypern,2017-07-23,6,1622.0179999999998,154.9503,161,2,3,2,7,At Risk - High Spend,270.3363333333333
MS-17710,Maurice Satty,2016-11-12,6,1613.402,247.4348,414,1,3,2,6,At Risk - High Spend,268.9003333333333
TB-21250,Tim Brockman,2017-01-15,7,1602.376,260.6155,350,1,4,2,7,At Risk - High Spend,228.91085714285714
CR-12730,Craig Reiter,2017-10-13,4,1600.55,306.9176,79,3,1,2,6,Potential Loyalists,400.1375
AH-10195,Alan Haines,2017-11-05,4,1587.452,-378.5509,56,3,1,2,6,Potential Loyalists,396.863
BF-11215,Benjamin Farhat,2017-10-26,4,1585.162,523.2133,66,3,1,2,6,Potential Loyalists,396.2905
CK-12760,Cyma Kinney,2017-10-09,9,1582.109,-338.4311,83,3,5,2,10,Potential Loyalists,175.78988888888887
MC-18130,Mike Caudle,2016-12-26,5,1581.9979999999998,121.7565,370,1,2,2,5,Inactive,316.39959999999996
JL-15175,James Lanier,2017-12-24,5,1571.523,209.2817,7,5,2,2,9,Recent Customers,314.3046
KB-16315,Karl Braun,2017-03-09,9,1569.464,49.71929999999999,297,1,5,2,8,At Risk - High Spend,174.3848888888889
GB-14530,George Bell,2017-10-29,11,1568.44,7.837100000000003,63,3,5,2,10,Potential Loyalists,142.58545454545455
ON-18715,Odella Nelson,2016-11-15,9,1567.52,-5.88900000000001,411,1,5,2,8,At Risk - High Spend,174.1688888888889
MV-17485,Mark Van Huff,2017-12-03,9,1560.05,189.0258,28,4,5,2,11,Recent Customers,173.33888888888887
MB-17305,Maria Bertelson,2017-11-12,10,1548.702,212.425,49,4,5,2,11,Recent Customers,154.8702
BD-11620,Brian DeCherney,2017-10-22,6,1538.11,206.75689999999997,70,3,3,2,8,Potential Loyalists,256.35166666666663
CH-12070,Cathy Hwang,2016-02-08,3,1537.236,195.15109999999999,692,1,1,2,4,Inactive,512.412
BD-11725,Bruce Degenhardt,2017-09-28,6,1526.5,333.9791,94,3,3,2,8,Potential Loyalists,254.41666666666666
BV-11245,Benjamin Venier,2017-01-30,5,1523.2730000000001,315.2214,335,1,2,2,5,Inactive,304.6546
KA-16525,Kelly Andreada,2017-11-24,7,1519.506,234.9194,37,4,4,2,10,Recent Customers,217.07228571428573
AB-10600,Ann Blume,2017-11-10,4,1515.862,-274.9604,51,4,1,2,7,Recent Customers,378.9655
JG-15805,John Grady,2017-05-21,6,1507.018,206.1019,224,2,3,2,7,At Risk - High Spend,251.16966666666667
DL-12865,Dan Lawera,2017-09-21,8,1503.112,322.2449,101,3,4,2,9,Potential Loyalists,187.889
ZD-21925,Zuschuss Donatelli,2017-06-11,5,1493.944,249.1307,203,2,3,2,7,At Risk - High Spend,298.7888
CM-12190,Charlotte Melton,2017-12-22,6,1475.144,91.2033,9,5,3,2,10,Recent Customers,245.85733333333334
LE-16810,Laurel Elliston,2017-12-09,6,1469.45,161.76489999999998,22,5,3,2,10,Recent Customers,244.90833333333333
TB-21055,Ted Butterfield,2017-09-02,5,1467.881,390.2113,120,2,2,2,6,Inactive,293.57620000000003
PN-18775,Parhena Norris,2017-11-30,8,1467.152,192.0396,31,4,4,2,10,Recent Customers,183.394
RK-19300,Ralph Kennedy,2017-09-02,3,1460.192,269.688,120,2,1,2,5,Inactive,486.73066666666665
BN-11515,Bradley Nguyen,2017-12-21,5,1459.344,340.7054,10,5,2,2,9,Recent Customers,291.8688
DL-13315,Delfina Latchford,2017-12-08,8,1458.258,288.8732,23,5,4,2,11,Recent Customers,182.28225
PB-19150,Philip Brown,2017-09-24,8,1456.95,280.6606,98,3,4,2,9,Potential Loyalists,182.11875
AG-10525,Andy Gerbode,2015-09-07,4,1455.038,-152.7613,846,1,1,2,4,Inactive,363.7595
RM-19375,Raymond Messe,2017-01-19,6,1453.474,392.1499,346,1,3,2,6,At Risk - High Spend,242.24566666666666
PK-18910,Paul Knutson,2016-09-03,2,1441.152,-798.705,484,1,1,2,4,Inactive,720.576
TD-20995,Tamara Dahlen,2017-11-23,9,1434.5480000000002,88.1897,38,4,5,2,11,Recent Customers,159.39422222222225
JW-16075,Julia West,2016-09-25,4,1428.731,154.06369999999998,462,1,1,2,4,Inactive,357.18275
MB-18085,Mick Brown,2017-11-16,7,1428.231,117.8057,45,4,4,2,10,Recent Customers,204.033
TT-21220,Thomas Thornton,2017-06-30,8,1427.0439999999999,278.7371,184,2,4,2,8,At Risk - High Spend,178.38049999999998
CA-12310,Christine Abelman,2017-12-17,4,1421.954,246.02179999999998,14,5,1,2,8,Recent Customers,355.4885
RD-19720,Roger Demir,2017-12-09,10,1419.737,207.3304,22,5,5,2,12,Recent Customers,141.9737
NL-18310,Nancy Lomonaco,2017-11-02,4,1418.0900000000001,343.6381,59,3,2,2,7,Potential Loyalists,354.52250000000004
JS-15595,Jill Stevenson,2017-09-02,4,1417.654,-175.54899999999998,120,2,1,2,5,Inactive,354.4135
PM-18940,Paul MacIntyre,2016-12-09,3,1405.402,157.8768,387,1,1,2,4,Inactive,468.46733333333333
GA-14725,Guy Armstrong,2017-12-25,11,1398.382,136.70790000000002,6,5,5,2,12,Recent Customers,127.12563636363637
CR-12820,Cyra Reiten,2017-10-06,3,1397.8724,83.27029999999999,86,3,1,2,6,Potential Loyalists,465.9574666666667
NG-18430,Nathan Gelder,2017-11-12,5,1395.9379999999999,217.0893,49,4,2,2,8,Recent Customers,279.1876
JE-15475,Jeremy Ellison,2017-06-20,6,1388.682,276.2197,194,2,3,2,7,At Risk - High Spend,231.447
TB-21595,Troy Blackwell,2017-03-20,5,1387.559,-136.4091,286,1,2,2,5,Inactive,277.5118
FG-14260,Frank Gastineau,2017-11-26,7,1383.144,394.73969999999997,35,4,3,2,9,Recent Customers,197.592
DM-13525,Don Miller,2016-09-05,3,1376.792,199.7688,482,1,1,2,4,Inactive,458.93066666666664
GH-14485,Gene Hale,2016-12-08,2,1361.2440000000001,-95.4498,388,1,1,2,4,Inactive,680.6220000000001
SB-20170,Sarah Bern,2017-06-12,3,1348.02,157.6658,202,2,1,2,5,Inactive,449.34
LM-17065,Liz MacKendrick,2016-12-04,5,1346.774,-44.87799999999999,392,1,2,2,5,Inactive,269.35479999999995
MG-17695,Maureen Gnade,2016-06-23,3,1342.282,-398.79319999999996,556,1,1,2,4,Inactive,447.4273333333333
SJ-20215,Sarah Jordon,2017-12-01,6,1341.036,-23.5137,30,4,3,2,9,Recent Customers,223.506
BM-11785,Bryan Mills,2017-05-26,10,1338.842,137.7439,219,2,5,2,9,At Risk - High Spend,133.88420000000002
BF-11005,Barry Franz,2017-11-21,4,1333.88,-291.38109999999995,40,4,1,2,7,Recent Customers,333.47
SS-20140,Saphhira Shifley,2017-12-15,8,1324.028,332.3487,16,5,4,2,11,Recent Customers,165.5035
DM-12955,Dario Medina,2017-09-07,7,1322.034,108.7583,115,2,3,2,7,At Risk - High Spend,188.86200000000002
MT-18070,Michelle Tran,2017-06-10,4,1319.4498,-23.676300000000005,204,2,2,2,6,Inactive,329.86245
SJ-20500,Shirley Jackson,2017-04-21,5,1318.776,68.09629999999999,254,1,2,2,5,Inactive,263.7552
MM-17260,Magdelene Morse,2017-07-15,4,1314.023,178.402,169,2,2,2,6,Inactive,328.50575
SP-20545,Sibella Parks,2017-02-06,6,1306.086,-118.77570000000001,328,1,3,2,6,At Risk - High Spend,217.681
MC-17575,Matt Collins,2017-12-03,8,1303.893,210.7493,28,4,4,2,10,Recent Customers,162.986625
EK-13795,Eileen Kiefer,2017-11-16,4,1303.478,97.10659999999999,45,4,1,2,7,Recent Customers,325.8695
Co-12640,Corey-Lock,2016-06-29,5,1300.076,205.62820000000002,550,1,2,2,5,Inactive,260.0152
DO-13435,Denny Ordway,2017-08-19,9,1300.0315,-38.90860000000001,134,2,5,2,9,At Risk - High Spend,144.44794444444446
HR-14770,Hallie Redmond,2017-12-17,5,1299.288,185.5794,14,5,2,2,9,Recent Customers,259.8576
GR-14560,Georgia Rosenberg,2014-11-21,2,1284.38,359.83320000000003,1136,1,1,2,4,Inactive,642.19
CS-11845,Cari Sayre,2017-09-30,5,1278.954,185.3776,92,3,2,2,7,Potential Loyalists,255.7908
PS-18970,Paul Stevenson,2017-10-22,8,1278.639,198.5099,70,3,4,2,9,Potential Loyalists,159.829875
SV-20815,Stuart Van,2017-10-15,4,1271.0900000000001,199.6502,77,3,2,2,7,Potential Loyalists,317.77250000000004
DO-13645,Doug O'Connell,2017-12-04,7,1267.316,294.0676,27,5,3,2,10,Recent Customers,181.04514285714285
CL-11890,Carl Ludwig,2017-09-15,4,1262.0140000000001,328.0847,107,2,1,2,5,Inactive,315.50350000000003
LW-17125,Liz Willingham,2017-06-08,3,1259.04,192.6312,206,2,1,2,5,Inactive,419.68
ME-18010,Michelle Ellison,2017-09-29,4,1256.944,107.3604,93,3,2,2,7,Potential Loyalists,314.236
GM-14500,Gene McClure,2017-09-15,10,1255.682,441.3185,107,2,5,2,9,At Risk - High Spend,125.5682
SC-20680,Steve Carroll,2017-08-26,6,1254.64,370.1578,127,2,3,2,7,At Risk - High Spend,209.10666666666668
MH-17620,Matt Hagelstein,2017-07-28,4,1252.8,122.3612,156,2,2,2,6,Inactive,313.2
ER-13855,Elpida Rittenbach,2016-11-04,3,1245.788,-295.7398,422,1,1,2,4,Inactive,415.2626666666667
TC-21475,Tony Chapman,2017-07-30,9,1244.976,119.104,154,2,5,2,9,At Risk - High Spend,138.33066666666667
JW-15955,Joni Wasserman,2017-12-25,7,1244.086,-29.575899999999987,6,5,4,2,11,Recent Customers,177.72657142857142
MG-17875,Michael Grace,2017-09-05,5,1242.8329999999999,-470.7684,117,2,2,2,6,Inactive,248.56659999999997
NP-18685,Nora Pelletier,2016-11-19,6,1228.698,514.5017,407,1,3,2,6,At Risk - High Spend,204.78300000000002
PJ-18835,Patrick Jones,2017-11-21,8,1220.09,442.1355,40,4,4,2,10,Recent Customers,152.51125
EH-14005,Erica Hernandez,2017-12-28,7,1219.53,-94.14079999999997,3,5,3,2,10,Recent Customers,174.21857142857144
JL-15130,Jack Lebron,2017-12-22,6,1214.956,-207.79559999999998,9,5,3,2,10,Recent Customers,202.49266666666665
CD-12280,Christina DeMoss,2017-11-18,2,1205.584,233.0274,43,4,1,2,7,Recent Customers,602.792
MD-17860,Michael Dominguez,2017-11-24,5,1204.91,-4.040300000000002,37,4,2,2,8,Recent Customers,240.98200000000003
DW-13585,Dorothy Wardle,2017-05-02,7,1204.854,-266.8966,243,1,3,2,6,At Risk - High Spend,172.122
EB-14170,Evan Bailliet,2017-10-09,6,1186.326,282.1701,83,3,3,2,8,Potential Loyalists,197.721
BP-11230,Benjamin Patterson,2017-11-21,5,1181.49,-197.2695,40,4,2,2,8,Recent Customers,236.298
DC-13285,Debra Catini,2017-12-07,5,1174.618,132.06820000000002,24,5,2,2,9,Recent Customers,234.9236
AT-10435,Alyssa Tate,2017-12-09,6,1171.814,100.87680000000002,22,5,3,2,10,Recent Customers,195.30233333333334
JR-15670,Jim Radford,2016-05-16,2,1156.658,-785.1645,594,1,1,2,4,Inactive,578.329
DB-13660,Duane Benoit,2017-12-18,7,1155.202,177.67350000000002,13,5,3,2,10,Recent Customers,165.02885714285713
CG-12520,Claire Gute,2017-01-26,3,1148.7800000000002,169.93439999999998,339,1,1,2,4,Inactive,382.92666666666673
KC-16675,Kimberly Carter,2017-11-03,4,1146.05,156.7797,58,3,1,2,6,Potential Loyalists,286.5125
RD-19810,Ross DeVincentis,2017-12-16,8,1137.616,318.4625,15,5,4,2,11,Recent Customers,142.202
CW-11905,Carl Weiss,2017-12-08,6,1136.592,370.8298,23,5,3,2,10,Recent Customers,189.43200000000002
JS-15685,Jim Sink,2017-11-18,4,1131.0639999999999,-54.8692,43,4,1,2,7,Recent Customers,282.76599999999996
DV-13045,Darrin Van Huff,2017-12-11,5,1119.483,-427.184,20,5,2,2,9,Recent Customers,223.89659999999998
AB-10165,Alan Barnes,2017-12-05,8,1113.838,220.813,26,5,4,2,11,Recent Customers,139.22975
TM-21490,Tony Molinari,2017-08-22,3,1094.6779999999999,292.52099999999996,131,2,1,2,5,Inactive,364.8926666666666
JO-15550,Jesus Ocampo,2017-05-29,5,1090.838,167.6709,216,2,2,2,6,Inactive,218.1676
SW-20245,Scot Wooten,2017-10-10,7,1085.078,-19.60620000000001,82,3,4,2,9,Potential Loyalists,155.01114285714286
JF-15490,Jeremy Farry,2017-08-31,11,1082.918,-18.06730000000001,122,2,5,2,9,At Risk - High Spend,98.4470909090909
DB-13360,Dennis Bolton,2017-04-10,5,1081.466,291.0085,265,1,2,2,5,Inactive,216.29319999999998
DW-13195,David Wiener,2017-10-22,6,1080.751,-86.87379999999999,70,3,3,2,8,Potential Loyalists,180.12516666666667
CS-12490,Cindy Schnelling,2016-11-01,4,1077.2285,-302.8761,425,1,1,2,4,Inactive,269.307125
PC-19000,Pauline Chand,2015-08-01,2,1061.488,-184.3364,883,1,1,2,4,Inactive,530.744
DP-13165,David Philippe,2015-10-10,2,1058.616,-40.93759999999999,813,1,1,2,4,Inactive,529.308
JC-15385,Jenna Caffey,2017-07-08,1,1058.108,502.92440000000005,176,2,1,2,5,Inactive,1058.108
PO-19195,Phillina Ober,2017-10-05,5,1056.858,-49.70089999999999,87,3,2,2,7,Potential Loyalists,211.3716
AA-10375,Allen Armold,2017-12-11,9,1056.39,277.3824,20,5,5,2,12,Recent Customers,117.37666666666668
VS-21820,Vivek Sundaresam,2017-05-23,4,1055.981,-262.8093,222,2,2,2,6,Inactive,263.99525
AR-10345,Alex Russell,2017-09-10,4,1055.694,-221.0544,112,2,1,2,5,Inactive,263.9235
DP-13000,Darren Powers,2017-08-26,9,1050.636,241.4524,127,2,5,2,9,At Risk - High Spend,116.73733333333332
DH-13675,Duane Huffman,2015-11-15,4,1043.096,116.667,777,1,1,2,4,Inactive,260.774
SM-20905,Susan MacKendrick,2016-05-03,1,1043.041,-237.2885,607,1,1,2,4,Inactive,1043.041
EM-14095,Eudokia Martin,2017-09-08,4,1041.0420000000001,240.2362,114,2,1,2,5,Inactive,260.26050000000004
TC-21145,Theresa Coyne,2017-09-15,1,1038.26,265.5332,107,2,1,2,5,Inactive,1038.26
MK-18160,Mike Kennedy,2017-05-04,4,1031.602,227.83380000000002,241,1,2,2,5,Inactive,257.9005
TH-21235,Tiffany House,2017-09-04,8,1022.201,92.729,118,2,4,2,8,At Risk - High Spend,127.775125
SW-20350,Sean Wendt,2017-07-21,3,1019.044,95.8383,163,2,1,2,5,Inactive,339.6813333333333
LS-17200,Luke Schmidt,2017-09-25,6,1010.2560000000001,244.197,97,3,3,2,8,Potential Loyalists,168.376
RB-19330,Randy Bradley,2017-10-23,2,1008.1959999999999,-164.40619999999998,69,3,1,2,6,Potential Loyalists,504.09799999999996
LS-17245,Lynn Smith,2017-11-26,6,1008.1360000000001,348.3584,35,4,3,2,9,Recent Customers,168.02266666666668
BG-11740,Bruce Geld,2017-11-03,6,1006.356,119.34790000000001,58,3,3,2,8,Potential Loyalists,167.726
VP-21730,Victor Preis,2017-11-30,3,993.9019999999999,205.3888,31,4,1,2,7,Recent Customers,331.30066666666664
KB-16600,Ken Brennan,2017-12-29,7,983.922,293.55240000000003,2,5,4,2,11,Recent Customers,140.56028571428573
BP-11050,Barry Pond,2017-10-08,5,983.42,209.78300000000002,84,3,2,2,7,Potential Loyalists,196.684
TS-21340,Toby Swindell,2017-05-18,5,974.7819999999999,-184.97889999999998,227,1,3,2,6,At Risk - High Spend,194.95639999999997
RD-19930,Russell D'Ascenzo,2017-11-18,4,970.9420000000001,35.05740000000001,43,4,2,2,8,Recent Customers,242.73550000000003
AB-10150,Aimee Bixby,2017-11-19,5,966.71,313.6597,42,4,2,2,8,Recent Customers,193.342
RC-19825,Roy Collins,2016-12-26,6,966.409,63.991400000000006,370,1,3,2,6,At Risk - High Spend,161.06816666666666
SS-20875,Sung Shariari,2017-09-01,5,964.636,-75.586,121,2,2,2,6,Inactive,192.9272
JH-15910,Jonathan Howell,2017-11-19,7,959.477,-13.554499999999996,42,4,4,1,9,Recent Customers,137.06814285714285
JF-15295,Jason Fortune-,2017-05-19,5,955.124,97.28899999999999,226,1,2,1,4,Inactive,191.0248
RP-19270,Rachel Payne,2016-08-21,4,954.6452,59.538399999999996,497,1,2,1,4,Inactive,238.6613
BS-11800,Bryan Spruell,2017-04-09,2,949.4300000000001,194.0516,266,1,1,1,3,Inactive,474.71500000000003
RF-19840,Roy Französisch,2017-12-24,8,945.222,280.0261,7,5,4,1,10,Recent Customers,118.15275
EB-13930,Eric Barreto,2017-07-22,5,944.6000000000001,0.6042000000000058,162,2,2,1,5,Inactive,188.92000000000002
MF-17665,Maureen Fritzler,2016-11-04,5,937.039,-341.52650000000006,422,1,2,1,4,Inactive,187.4078
EM-13960,Eric Murdock,2017-08-01,5,933.704,102.29599999999999,152,2,2,1,5,Inactive,186.74079999999998
AC-10420,Alyssa Crouse,2017-05-12,3,925.8,-62.1342,233,1,1,1,3,Inactive,308.59999999999997
EH-14185,Evan Henry,2017-09-16,6,923.884,242.1107,106,2,3,1,6,At Risk - High Spend,153.98066666666668
MO-17500,Mary O'Rourke,2017-10-19,4,922.487,59.357699999999994,73,3,2,1,6,Potential Loyalists,230.62175
AB-10255,Alejandro Ballentine,2017-07-17,9,914.5319999999999,264.5675,167,2,5,1,8,At Risk - High Spend,101.61466666666666
KB-16405,Katrina Bavinger,2017-09-04,3,908.821,274.297,118,2,1,1,4,Inactive,302.94033333333334
CG-12040,Catherine Glotzbach,2017-11-11,6,904.4680000000001,86.5106,50,4,3,1,8,Recent Customers,150.7446666666667
SC-20575,Sonia Cooley,2017-09-29,5,902.7280000000001,100.2253,93,3,2,1,6,Potential Loyalists,180.5456
JB-15925,Joni Blumstein,2015-12-24,3,900.552,-286.9808,738,1,1,1,3,Inactive,300.184
HZ-14950,Henia Zydlo,2017-11-25,5,886.52,-130.3879,36,4,2,1,7,Recent Customers,177.304
AB-10015,Aaron Bergman,2016-11-10,3,886.156,129.3465,416,1,1,1,3,Inactive,295.38533333333334
RC-19960,Ryan Crowe,2017-09-11,6,885.752,10.563300000000002,111,2,3,1,6,At Risk - High Spend,147.62533333333332
CS-12130,Chad Sievert,2016-08-28,4,884.64,143.8339,490,1,1,1,3,Inactive,221.16
HE-14800,Harold Engle,2017-12-18,4,883.5319999999999,274.4028,13,5,1,1,7,Recent Customers,220.88299999999998
SK-19990,Sally Knutson,2017-12-22,3,883.409,168.7933,9,5,1,1,7,Recent Customers,294.4696666666667
RE-19450,Richard Eichhorn,2017-03-03,5,876.696,209.2294,303,1,2,1,4,Inactive,175.3392
JM-15655,Jim Mitchum,2017-12-22,5,864.947,117.20400000000001,9,5,2,1,8,Recent Customers,172.9894
JR-15700,Jocasta Rupert,2017-10-23,1,863.88,107.985,69,3,1,1,5,Potential Loyalists,863.88
AF-10885,Art Foster,2016-11-10,4,861.565,-163.1175,416,1,1,1,3,Inactive,215.39125
JC-16105,Julie Creighton,2017-11-03,5,858.576,201.5952,58,3,2,1,6,Potential Loyalists,171.7152
MS-17980,Michael Stewart,2017-12-04,6,855.116,55.226,27,4,3,1,8,Recent Customers,142.51933333333332
VF-21715,Vicky Freymann,2017-12-17,5,847.944,-96.27799999999999,14,5,3,1,9,Recent Customers,169.5888
VG-21790,Vivek Gonzalez,2017-07-29,6,846.01,143.6268,155,2,3,1,6,At Risk - High Spend,141.00166666666667
CS-12175,Charles Sheldon,2017-05-12,5,844.4580000000001,113.1405,233,1,2,1,4,Inactive,168.8916
TB-21355,Todd Boyes,2017-08-06,5,834.328,268.967,147,2,2,1,5,Inactive,166.8656
AS-10630,Ann Steele,2017-09-29,7,833.398,136.49190000000002,93,3,3,1,7,Potential Loyalists,119.05685714285714
EH-13990,Erica Hackney,2016-11-20,6,825.9499999999999,150.3759,406,1,3,1,5,At Risk - High Spend,137.65833333333333
TB-21190,Thomas Brumley,2017-11-11,4,816.1740000000001,179.0038,50,4,2,1,7,Recent Customers,204.04350000000002
AM-10360,Alice McCarthy,2017-12-02,5,814.012,194.9878,29,4,2,1,7,Recent Customers,162.80239999999998
BM-11575,Brendan Murry,2017-09-21,6,808.162,95.58160000000001,101,3,3,1,7,Potential Loyalists,134.69366666666667
DK-13150,David Kendrick,2017-12-20,2,797.832,249.9447,11,5,1,1,7,Recent Customers,398.916
MC-17635,Matthew Clasen,2017-06-24,4,795.154,-247.94350000000003,190,2,1,1,4,Inactive,198.7885
BF-11275,Beth Fritzler,2017-11-03,3,791.9899999999999,25.870199999999997,58,3,1,1,5,Potential Loyalists,263.9966666666666
HG-14845,Harry Greene,2017-11-06,5,785.628,147.0032,55,3,2,1,6,Potential Loyalists,157.12560000000002
MG-17890,Michael Granlund,2017-09-22,9,776.384,171.7372,100,3,5,1,9,Potential Loyalists,86.26488888888889
MM-18280,Muhammed MacIntyre,2017-10-06,9,775.414,58.8916,86,3,5,1,9,Potential Loyalists,86.1571111111111
SF-20065,Sandra Flanagan,2017-11-01,7,763.5459999999999,228.1623,60,3,4,1,8,Potential Loyalists,109.07799999999999
SW-20755,Steven Ward,2016-07-14,2,758.6959999999999,68.2416,535,1,1,1,3,Inactive,379.34799999999996
LP-17080,Liz Pelletier,2017-11-20,4,756.606,110.7813,41,4,1,1,6,Recent Customers,189.1515
Dl-13600,Dorris liebe,2017-09-02,5,755.602,175.2388,120,2,2,1,5,Inactive,151.1204
IG-15085,Ivan Gibson,2017-10-20,4,744.574,320.4982,72,3,1,1,5,Potential Loyalists,186.1435
BB-10990,Barry Blumstein,2017-09-16,5,744.3399999999999,11.583900000000007,106,2,2,1,5,Inactive,148.868
TC-21535,Tracy Collins,2017-12-26,7,742.5580000000001,217.933,5,5,4,1,10,Recent Customers,106.0797142857143
ML-18040,Michelle Lonsdale,2017-10-12,3,742.082,138.71620000000001,80,3,1,1,5,Potential Loyalists,247.36066666666667
RH-19555,Ritsa Hightower,2016-07-29,2,740.382,0.30570000000000164,520,1,1,1,3,Inactive,370.191
PB-18805,Patrick Bzostek,2017-12-05,3,740.356,229.2257,26,5,1,1,7,Recent Customers,246.78533333333334
AH-10585,Angele Hood,2017-12-09,4,738.504,83.96300000000001,22,5,1,1,7,Recent Customers,184.626
HM-14980,Henry MacAllister,2017-04-27,4,736.276,117.2755,248,1,1,1,3,Inactive,184.069
PH-18790,Patricia Hirasaki,2017-10-21,1,729.648,47.8878,71,3,1,1,5,Potential Loyalists,729.648
PA-19060,Pete Armstrong,2017-09-18,6,729.408,225.8588,104,3,3,1,7,Potential Loyalists,121.568
JJ-15445,Jennifer Jackson,2016-09-03,5,709.178,200.5558,484,1,2,1,4,Inactive,141.8356
JD-16060,Julia Dunbar,2017-03-05,3,695.442,111.11410000000001,301,1,1,1,3,Inactive,231.814
PB-19105,Peter Bühler,2017-11-03,4,688.324,218.15970000000002,58,3,2,1,6,Potential Loyalists,172.081
EH-13945,Eric Hoffmann,2017-05-27,8,684.1709999999999,53.53980000000001,218,2,4,1,7,At Risk - High Spend,85.52137499999999
TR-21325,Toby Ritter,2017-06-20,5,675.9419999999999,220.36440000000002,194,2,3,1,6,At Risk - High Spend,135.18839999999997
AG-10330,Alex Grayson,2017-12-22,5,660.972,-5.137100000000006,9,5,2,1,8,Recent Customers,132.1944
BK-11260,Berenike Kampe,2017-10-14,6,659.1379999999999,-63.764399999999995,78,3,3,1,7,Potential Loyalists,109.85633333333332
BD-11770,Bryan Davis,2017-02-06,6,658.466,141.265,328,1,3,1,5,At Risk - High Spend,109.74433333333333
AC-10660,Anna Chung,2017-03-23,5,657.316,-28.700399999999995,283,1,2,1,4,Inactive,131.4632
AW-10840,Anthony Witt,2017-12-10,4,649.376,65.77250000000001,21,5,1,1,7,Recent Customers,162.344
LO-17170,Lori Olson,2017-12-28,5,644.35,150.1712,3,5,2,1,8,Recent Customers,128.87
JB-16000,Joy Bell-,2017-11-17,7,644.1188,126.76490000000001,44,4,4,1,9,Recent Customers,92.01697142857142
CD-11980,Carol Darley,2017-11-06,3,639.766,-206.7172,55,3,1,1,5,Potential Loyalists,213.2553333333333
MR-17545,Mathew Reese,2017-08-27,4,639.178,162.9363,126,2,2,1,5,Inactive,159.7945
AJ-10960,Astrea Jones,2017-10-17,3,629.2479999999999,60.4265,75,3,1,1,5,Potential Loyalists,209.7493333333333
RR-19315,Ralph Ritter,2017-12-11,2,615.932,-73.835,20,5,1,1,7,Recent Customers,307.966
SS-20515,Shirley Schmidt,2016-08-26,3,613.4,199.93449999999999,492,1,1,1,3,Inactive,204.46666666666667
BT-11440,Bobby Trafton,2016-06-18,4,603.876,-77.5256,561,1,1,1,3,Inactive,150.969
BF-10975,Barbara Fisher,2017-09-30,7,599.798,227.4384,92,3,3,1,7,Potential Loyalists,85.68542857142857
MZ-17335,Maria Zettner,2017-11-30,4,593.606,85.01910000000001,31,4,2,1,7,Recent Customers,148.4015
DL-13330,Denise Leinenbach,2017-11-03,4,585.02,222.6812,58,3,1,1,5,Potential Loyalists,146.255
AS-10240,Alan Shonely,2017-06-21,7,584.6080000000001,33.715799999999994,193,2,3,1,6,At Risk - High Spend,83.51542857142859
BD-11635,Brian Derr,2017-12-21,3,582.646,141.53400000000002,10,5,1,1,7,Recent Customers,194.21533333333332
NK-18490,Neil Knudson,2017-10-21,7,572.048,121.2177,71,3,4,1,8,Potential Loyalists,81.72114285714285
CM-11935,Carlos Meador,2016-01-22,2,565.392,-43.732400000000005,709,1,1,1,3,Inactive,282.696
CS-12460,Chuck Sachs,2017-12-03,2,550.644,156.2593,28,4,1,1,6,Recent Customers,275.322
CS-11860,Cari Schnelling,2017-07-21,6,537.632,105.8275,163,2,3,1,6,At Risk - High Spend,89.60533333333332
JH-15820,John Huston,2017-07-09,6,528.91,26.082199999999997,175,2,3,1,6,At Risk - High Spend,88.15166666666666
RB-19570,Rob Beeghly,2017-12-05,5,528.546,76.8879,26,5,2,1,8,Recent Customers,105.70920000000001
AY-10555,Andy Yotov,2017-12-16,4,497.014,103.3499,15,5,1,1,7,Recent Customers,124.2535
CR-12625,Corey Roper,2016-09-16,3,475.9,144.7594,471,1,1,1,3,Inactive,158.63333333333333
MS-17530,MaryBeth Skach,2016-10-22,4,475.65599999999995,84.0268,435,1,2,1,4,Inactive,118.91399999999999
JS-15940,Joni Sundaresam,2016-09-23,5,469.169,-327.9336,464,1,2,1,4,Inactive,93.8338
EC-14050,Erin Creighton,2017-11-07,5,461.914,96.4256,54,3,2,1,6,Potential Loyalists,92.3828
KM-16660,Khloe Miller,2017-12-15,5,453.538,91.1391,16,5,2,1,8,Recent Customers,90.7076
KW-16570,Kelly Williams,2015-11-20,4,449.096,107.92699999999999,772,1,1,1,3,Inactive,112.274
TT-21265,Tim Taslimi,2016-11-19,3,439.5,93.9162,407,1,1,1,3,Inactive,146.5
ST-20530,Shui Tom,2017-08-27,7,433.34000000000003,84.4419,126,2,4,1,7,At Risk - High Spend,61.90571428571429
VG-21805,Vivek Grady,2017-03-19,5,427.372,-52.333,287,1,3,1,5,At Risk - High Spend,85.4744
SS-20590,Sonia Sunley,2016-10-24,6,418.49,135.5401,433,1,3,1,5,At Risk - High Spend,69.74833333333333
BT-11485,Brad Thomas,2016-03-11,2,415.19599999999997,126.8694,660,1,1,1,3,Inactive,207.59799999999998
MH-17440,Mark Haberlin,2016-12-19,4,400.016,61.428599999999996,377,1,2,1,4,Inactive,100.004
BW-11065,Barry Weirich,2017-06-01,3,385.516,-58.28659999999999,213,2,1,1,4,Inactive,128.50533333333334
JD-16015,Joy Daniels,2017-09-09,6,385.43,26.7605,113,2,3,1,6,At Risk - High Spend,64.23833333333333
JK-15325,Jason Klamczynski,2017-03-18,3,383.812,55.32769999999999,288,1,1,1,3,Inactive,127.93733333333334
VM-21835,Vivian Mathis,2017-09-04,5,380.69,116.6373,118,2,3,1,6,At Risk - High Spend,76.138
NF-18475,Neil Französisch,2016-07-23,4,377.16200000000003,85.92779999999999,526,1,2,1,4,Inactive,94.29050000000001
MS-17830,Melanie Seite,2016-10-04,4,370.348,19.431199999999997,453,1,2,1,4,Inactive,92.587
LS-17230,Lycoris Saunders,2015-11-14,3,368.88000000000005,39.1952,778,1,1,1,3,Inactive,122.96000000000002
AG-10300,Aleksandra Gannaway,2017-09-03,4,367.548,59.288399999999996,119,2,1,1,4,Inactive,91.887
EM-14200,Evan Minnotte,2017-07-25,3,366.822,21.7721,159,2,1,1,4,Inactive,122.274
HJ-14875,Heather Jas,2017-08-26,5,358.1,98.6548,127,2,2,1,5,Inactive,71.62
DW-13540,Don Weiss,2017-09-23,5,344.08,69.6672,99,3,2,1,6,Potential Loyalists,68.816
LT-16765,Larry Tron,2017-12-04,3,329.876,59.036,27,4,1,1,6,Recent Customers,109.95866666666666
BD-11560,Brendan Dodson,2017-03-27,2,320.54,116.714,279,1,1,1,3,Inactive,160.27
LH-17020,Lisa Hazard,2017-05-05,4,318.239,-242.73989999999998,240,1,1,1,3,Inactive,79.55975
JH-15430,Jennifer Halladay,2017-12-25,4,309.281,-24.077100000000005,6,5,1,1,7,Recent Customers,77.32025
JM-15580,Jill Matthias,2017-12-30,5,303.948,113.1204,1,5,2,1,8,Recent Customers,60.78959999999999
CM-12445,Chuck Magee,2016-10-20,3,287.99,64.4296,437,1,1,1,3,Inactive,95.99666666666667
LH-16750,Larry Hughes,2017-08-01,3,287.426,12.627699999999999,152,2,1,1,4,Inactive,95.80866666666667
SC-20845,Sung Chung,2017-08-21,2,280.632,31.1757,132,2,1,1,4,Inactive,140.316
SC-20800,Stuart Calhoun,2017-11-30,4,279.25600000000003,51.8252,31,4,2,1,7,Recent Customers,69.81400000000001
NB-18580,Nicole Brennan,2014-10-22,2,273.87199999999996,24.788800000000002,1166,1,1,1,3,Inactive,136.93599999999998
BF-11080,Bart Folk,2017-12-05,3,272.95,110.9272,26,5,1,1,7,Recent Customers,90.98333333333333
DD-13570,Dorothy Dickinson,2017-11-19,6,269.542,36.4344,42,4,3,1,8,Recent Customers,44.92366666666666
BN-11470,Brad Norvell,2017-12-06,4,265.296,36.6131,25,5,1,1,7,Recent Customers,66.324
AR-10510,Andrew Roberts,2017-12-16,5,264.86400000000003,43.6695,15,5,2,1,8,Recent Customers,52.97280000000001
HD-14785,Harold Dahlen,2015-11-22,3,251.36,-135.87599999999998,770,1,1,1,3,Inactive,83.78666666666668
SM-20005,Sally Matthias,2016-11-04,4,244.49399999999997,-26.5927,422,1,2,1,4,Inactive,61.12349999999999
PL-18925,Paul Lucas,2017-12-15,5,239.481,-0.7527000000000026,16,5,2,1,8,Recent Customers,47.8962
GP-14740,Guy Phonely,2015-11-26,2,236.53,31.837600000000002,766,1,1,1,3,Inactive,118.265
EM-14065,Erin Mull,2017-11-13,4,228.99,40.15459999999999,48,4,1,1,6,Recent Customers,57.2475
GT-14755,Guy Thornton,2017-11-26,4,226.436,-6.139200000000002,35,4,1,1,6,Recent Customers,56.609
RB-19645,Robert Barroso,2016-03-22,5,221.084,72.679,649,1,2,1,4,Inactive,44.2168
HH-15010,Hilary Holden,2017-10-19,2,218.668,86.7342,73,3,1,1,5,Potential Loyalists,109.334
AG-10390,Allen Goldenen,2017-09-07,5,200.945,69.2784,115,2,2,1,5,Inactive,40.189
JJ-15760,Joel Jenkins,2015-12-08,2,195.0,34.449200000000005,754,1,1,1,3,Inactive,97.5
AG-10765,Anthony Garverick,2017-10-14,4,170.584,-8.431000000000001,78,3,1,1,5,Potential Loyalists,42.646
ML-18265,Muhammed Lee,2017-09-21,2,162.232,42.6648,101,3,1,1,5,Potential Loyalists,81.116
AO-10810,Anthony O'Donnell,2016-08-16,1,161.28,12.096,502,1,1,1,3,Inactive,161.28
PT-19090,Pete Takahito,2017-10-20,4,160.572,-20.0508,72,3,2,1,6,Potential Loyalists,40.143
DA-13450,Dianna Arnett,2017-01-12,4,156.76,56.7904,353,1,1,1,3,Inactive,39.19
MO-17950,Michael Oakman,2017-07-03,2,154.288,-82.0074,181,2,1,1,4,Inactive,77.144
GH-14665,Greg Hansen,2017-12-28,2,146.94080000000002,-5.810200000000001,3,5,1,1,7,Recent Customers,73.47040000000001
PB-19210,Phillip Breyer,2016-02-11,2,132.738,21.897000000000002,689,1,1,1,3,Inactive,66.369
BO-11425,Bobby Odegard,2017-10-16,2,130.83,59.4522,76,3,1,1,5,Potential Loyalists,65.415
EL-13735,Ed Ludwig,2017-10-14,2,124.28,27.1154,78,3,1,1,5,Potential Loyalists,62.14
CC-12550,Clay Cheatham,2017-12-03,3,113.832,33.870599999999996,28,4,1,1,6,Recent Customers,37.943999999999996
RM-19750,Roland Murray,2017-03-06,1,98.35,28.6879,300,1,1,1,3,Inactive,98.35
KS-16300,Karen Seio,2017-03-10,3,88.472,0.11099999999999888,296,1,1,1,3,Inactive,29.490666666666666
AR-10570,Anemone Ratner,2016-07-14,1,88.15,32.633,535,1,1,1,3,Inactive,88.15
FW-14395,Fred Wasserman,2017-01-02,3,79.75,23.491300000000003,363,1,1,1,3,Inactive,26.583333333333332
JC-15340,Jasper Cacioppo,2017-09-07,4,71.263,-0.35560000000000036,115,2,1,1,4,Inactive,17.81575
AS-10135,Adrian Shami,2017-11-19,2,58.82,21.8496,42,4,1,1,6,Recent Customers,29.41
LB-16735,Larry Blacks,2017-11-12,3,50.188,18.6507,49,4,1,1,6,Recent Customers,16.729333333333333
RE-19405,Ricardo Emerson,2014-12-29,1,48.36,6.045,1098,1,1,1,3,Inactive,48.36
SG-20890,Susan Gilcrest,2017-05-18,3,47.946,-3.7073,227,1,1,1,3,Inactive,15.982
RS-19870,Roy Skaria,2017-12-11,2,22.328,9.5838,20,5,1,1,7,Recent Customers,11.164
MG-18205,Mitch Gastineau,2017-04-10,1,16.739,-1.2453,265,1,1,1,3,Inactive,16.739
CJ-11875,Carl Jackson,2016-12-30,1,16.52,1.652,366,1,1,1,3,Inactive,16.52
LD-16855,Lela Donovan,2016-06-26,1,5.304,0.4641,553,1,1,1,3,Inactive,5.304
TS-21085,Thais Sissman,2017-01-07,2,4.833,-3.3156,358,1,1,1,3,Inactive,2.4165
